0.01736362385518308,0.0206927178111277,3.28390870530331e-12,159263,0.0503177830416695,51247,-0.8554499164644921,0.9958747507352661,beta1.csv
0.01737588081337877,0.0208633126789034,3.31949908772247e-12,158851,0.0503645349260209,50969,-0.854086620141898,0.99584690184534,beta10.csv
0.027166657633106495,0.0203447753208761,3.3326407794650503e-07,512,0.0561183444897868,167,-0.910561135067193,0.9962438796497092,beta100.csv
0.026381523571180173,0.0228780377920413,2.59351867870658e-07,551,0.0535276278036046,184,-0.845924432831624,0.9947177230879879,beta101.csv
0.033148763585278226,0.0143260033914778,7.16005765451335e-07,343,0.0571685127866897,114,-1.0696634224432802,0.997325766242329,beta102.csv
0.030227471173403016,0.0176600328931495,6.72736976892368e-07,347,0.0552834401097097,110,-0.9898565739395491,0.996748841255929,beta103.csv
0.02729550937766393,0.0179901652797608,4.01047386232084e-07,442,0.0575896585221617,143,-0.9507510544674821,0.996898243985867,beta104.csv
0.02977811663153418,0.0252505630040837,4.0950340222264294e-07,458,0.0519830658738666,145,-0.773523516269275,0.993364759549704,beta105.csv
0.02800838060450326,0.0318377793544956,3.58611580900751e-07,487,0.0537589558328184,169,-0.7025924758023229,0.991142638388833,beta106.csv
0.03414169544569191,0.0254419943455233,8.543483967186849e-07,325,0.0559989000704373,115,-0.817985270756569,0.9939969809458001,beta107.csv
0.028271704348445743,0.0290883873197105,2.8316758927930605e-07,541,0.0511500023844731,176,-0.7626236303139978,0.9930012407464859,beta108.csv
0.02673131649655594,0.0154602794579245,2.3638544124524102e-07,588,0.0589787513211604,208,-0.980899733402487,0.9977297462609258,beta109.csv
0.017351022432234246,0.0206491080411542,2.81149373533833e-12,172088,0.0503333539303323,55187,-0.856682709895114,0.995899691408133,beta11.csv
0.028814936405755928,0.0170135836156031,2.96036887091441e-07,518,0.055150203536933,165,-0.931408358848813,0.996676487930343,beta110.csv
0.030769436164191297,0.0215097455170947,6.70503928174209e-07,343,0.0603836934265172,132,-0.8799628894381178,0.9955573781706349,beta111.csv
0.03513476619420437,0.0248827265815496,6.84058127795104e-07,347,0.0546172082153334,114,-0.8203609777784749,0.9944195406071271,beta112.csv
0.0292104381399276,0.0281749679169329,3.2091185114217895e-07,521,0.049113804695792004,161,-0.7274947362376321,0.992592973761932,beta113.csv
0.02987344160476218,0.0167380545706811,4.80810000058414e-07,420,0.0620848471879029,151,-0.9544376176633901,0.997216328567159,beta114.csv
0.030510394949584577,0.0200960450137614,5.05111948464748e-07,421,0.0546355388377122,129,-0.91395130671273,0.9962856348331579,beta115.csv
0.034054794002150404,0.0206268855963992,7.499192846075181e-07,337,0.0545490106094518,125,-0.889534812197437,0.995978701705791,beta116.csv
0.03257948087619496,0.0254432710825691,6.050013000604239e-07,367,0.053369328356615994,117,-0.838903531847405,0.994007727135867,beta117.csv
0.033745493503582386,0.0218975709830038,5.435762237021829e-07,390,0.0586709577470906,130,-0.871274221478626,0.9955308165683,beta118.csv
0.029571582457289927,0.0190115928277208,3.70560782452216e-07,460,0.0552493033498657,154,-0.8760821910687241,0.995814081738738,beta119.csv
0.01736155128585545,0.0204487925969635,2.9129426533076095e-12,169180,0.0503384091651775,54251,-0.860076052051729,0.995963311688838,beta12.csv
0.02880146369485074,0.0187861947522094,3.569545894084e-07,468,0.0560770147324417,156,-0.935434120836192,0.996849832561105,beta120.csv
0.017358975033285536,0.0206023522918902,3.5255678081809898e-12,153824,0.0502889282247028,49354,-0.8561744884097429,0.9958895204773729,beta13.csv
0.017371045176591476,0.0204930582725552,2.44157936563459e-12,184823,0.0503548153598386,59447,-0.858697113569913,0.995938466043105,beta14.csv
0.01735928420090224,0.0209052285160122,3.5116461695241e-12,154360,0.050128808024620004,49330,-0.8519993863614529,0.9958072988043051,beta15.csv
0.017365270721992083,0.0206460896668371,3.0623951786467202e-12,164944,0.0504046328560845,53050,-0.8564274554206909,0.995893756611239,beta16.csv
0.017361331708481236,0.0206281180118171,2.2965153280303197e-12,190169,0.0502927210517155,60915,-0.85791710064521,0.9959239067443321,beta17.csv
0.01736317784069926,0.0208929540726426,2.87981977776922e-12,170062,0.0501530019870888,54545,-0.853556122348326,0.995838055097823,beta18.csv
0.017360423431263088,0.0204838425764988,3.48709175486162e-12,154658,0.0502231611780962,49709,-0.857935158993559,0.995923800487702,beta19.csv
0.01735108786608183,0.0203352162407008,2.35209157326318e-12,188235,0.0502391511526208,60351,-0.8609211026320659,0.995980779401359,beta2.csv
0.017360921358357338,0.0208583916638594,2.94182111249375e-12,168189,0.0503220837044969,53924,-0.8536052066954541,0.9958395718155971,beta20.csv
0.02852400577397655,0.021442094347319997,3.85666766269144e-07,468,0.0593941354338366,155,-0.886799683726297,0.995845134714689,beta21.csv
0.027465162211348124,0.022049150427863998,2.73292862040339e-07,557,0.0542020391694831,196,-0.8510214114987579,0.995272804482855,beta22.csv
0.02894070404567909,0.0242063480895218,3.75470452665181e-07,488,0.0525942063103192,166,-0.795150084869458,0.9942806999130408,beta23.csv
0.030713837385674528,0.0230222446121373,4.7241484202161895e-07,420,0.0543908756136231,142,-0.8325773802650299,0.9948561651829109,beta24.csv
0.03262421232522554,0.0194987406933737,6.53097922134832e-07,343,0.0609935784243033,111,-0.951267565069136,0.9958853286724649,beta25.csv
0.03052432582018886,0.0250222924498495,5.19671638563517e-07,410,0.0526575996392247,139,-0.794840480992082,0.9937968651909821,beta26.csv
0.032418774756798635,0.0232807146533107,5.47855114488671e-07,384,0.0562072255231404,133,-0.8471526165865358,0.995077404676949,beta27.csv
0.03234862296266919,0.0153328370624368,5.92616186258365e-07,381,0.0580172055263567,122,-0.974435363642463,0.997215737469362,beta28.csv
0.027112217688796982,0.0279093075281644,2.8489666243987303e-07,535,0.0545836236521932,167,-0.8147159324731991,0.993156834305736,beta29.csv
0.017365191475927876,0.0207096623310196,3.19990046139025e-12,161218,0.050104121985503,51448,-0.856479402090649,0.995891927986772,beta3.csv
0.031159334447643214,0.0136042116571568,5.78184603821772e-07,381,0.066345902467262,132,-1.03007028161488,0.998277590546958,beta30.csv
0.03075474752153794,0.0233081672249019,3.40806099043496e-07,499,0.0500734425584958,171,-0.827260950657065,0.994384065243625,beta31.csv
0.02987289398334397,0.0213108152583351,3.98315374298128e-07,453,0.0536744438485716,149,-0.8496668116371461,0.995208877767427,beta32.csv
0.03445977711335714,0.0148917977274608,8.797863361396558e-07,304,0.0572493425435395,107,-1.0324598293039302,0.997416779808826,beta33.csv
0.02988362198001565,0.0240496637465234,4.28595783957974e-07,447,0.0537940055260596,160,-0.798241660593474,0.9942005949054019,beta34.csv
0.02746186527411613,0.0261072164362879,2.66110498789077e-07,572,0.0504320901510803,172,-0.7863699829512679,0.993935957548869,beta35.csv
0.028535991214260262,0.0205130657851805,3.03766130155154e-07,517,0.056023881651891,174,-0.9007834085852142,0.996304218043129,beta36.csv
0.032222878500043635,0.0197813866266981,6.73040475803926e-07,355,0.0579572541135136,117,-0.9194652221500699,0.9962609686237679,beta37.csv
0.029753460228100877,0.0184688847961573,6.03369553152742e-07,367,0.0636012698318317,125,-0.962860850735029,0.996723400263729,beta38.csv
0.035377963848166175,0.0266010251786659,7.894208050641279e-07,321,0.0559817738814636,114,-0.837019015247602,0.993775249242794,beta39.csv
0.01735436910688057,0.0204721339998867,2.91861639493363e-12,168853,0.0503048876956086,54246,-0.859027241377085,0.9959450577894391,beta4.csv
0.03548068429437053,0.0221662815850922,7.75124304658166e-07,328,0.0602522831471344,111,-0.90017561920163,0.9957663558423739,beta40.csv
0.03058675496434817,0.0244513101989357,4.58240406564938e-07,423,0.0599247025656388,153,-0.904017156983731,0.9946859532174341,beta41.csv
0.03142899498743873,0.0112077832732119,5.78670209634765e-07,385,0.0642813254280579,124,-1.0614320683107399,0.998407361927616,beta42.csv
0.028006940108889246,0.0226398994923702,3.57482685437735e-07,481,0.0521012536668539,155,-0.8276437990076679,0.9946919948961079,beta43.csv
0.027226790193105675,0.0191949126424725,2.3143687330422898e-07,596,0.0576928990208354,202,-0.90825792074411,0.9964537551503271,beta44.csv
0.03028708704299404,0.0266046027886654,5.324773252752279e-07,411,0.0525350029356179,141,-0.750519395255484,0.9928533520321159,beta45.csv
0.027071869573514047,0.0186045054216362,2.4441583853123604e-07,586,0.0589558071455693,212,-0.904015178706481,0.996424742878914,beta46.csv
0.029190513921951416,0.0230935502189502,4.07139535169026e-07,440,0.0545236700428895,139,-0.8373711596511949,0.9947939025312579,beta47.csv
0.028697222146405722,0.0223946536546302,3.66820436568862e-07,496,0.0537401119733569,179,-0.850964479528259,0.9952073588003449,beta48.csv
0.030560603097049863,0.0189192614263067,4.31157797999932e-07,429,0.0559036316552614,136,-0.9155200964805942,0.996071745099062,beta49.csv
0.017358817510616086,0.0206694261338127,2.2423489791062302e-12,193045,0.0502090862295095,61613,-0.856418723047686,0.995894404280364,beta5.csv
0.027341019764028526,0.0143949923576295,2.60117502172197e-07,563,0.0594092692052991,193,-0.9992231189618531,0.997900423654573,beta50.csv
0.03272435588473094,0.0223531181101227,7.779350784828421e-07,341,0.0561365254029939,115,-0.875043918616775,0.995378267930691,beta51.csv
0.02700191998945194,0.0249365918485722,3.2231586153178e-07,499,0.0583856549970698,175,-0.813525566632773,0.9944095314960791,beta52.csv
0.0312754832166881,0.0241247643864369,5.661522185809179e-07,395,0.0540745696902351,135,-0.8562130125624271,0.995087280053948,beta53.csv
0.026248186481310828,0.01760597183021,2.3311777527539997e-07,588,0.0584705341607502,206,-0.9356202124731791,0.996981624616871,beta54.csv
0.027314358490315247,0.0353893374515123,3.6605617836204903e-07,482,0.0555087781308802,156,-0.6586352810433851,0.9899698589336109,beta55.csv
0.029862998996884507,0.0214693550765398,4.5796807268340795e-07,428,0.0576005843462821,144,-0.8406268762884499,0.994516882872962,beta56.csv
0.03135529710432553,0.0198946209042679,8.13200596101402e-07,321,0.0573859871236724,107,-0.9326687977942539,0.9956462587863689,beta57.csv
0.029939251875227786,0.0178617304168314,4.19030155424714e-07,451,0.0594111926042056,143,-0.947189337692682,0.9966682058512231,beta58.csv
0.02974821727310103,0.0148944489285339,4.7337585655345495e-07,416,0.0555620106504875,128,-0.9709574093550329,0.997148826213434,beta59.csv
0.0173546904564366,0.0208104581856686,2.5333315963510403e-12,181139,0.0500684692621547,57887,-0.8527468906167031,0.99582227131285,beta6.csv
0.030717889413374184,0.020997152737461004,5.96443625826828e-07,385,0.0593847597452568,130,-0.920289006762461,0.996172289274177,beta60.csv
0.030560628124529466,0.0213339721826493,5.89932417529699e-07,383,0.0559711662962409,138,-0.858978850723787,0.995494490287545,beta61.csv
0.03009026818832338,0.0281993257261455,4.3383333634995795e-07,442,0.0518351720268655,144,-0.7419916951971608,0.992844742831736,beta62.csv
0.027428256246423217,0.0271853900490652,2.86022898171443e-07,537,0.0520381331898621,176,-0.792201122747258,0.9931982840345059,beta63.csv
0.030679710906149706,0.0193702054845466,4.6258406596822397e-07,405,0.065850182745519,149,-0.948847088339923,0.996816954096711,beta64.csv
0.035432596303087656,0.0224159356637457,7.065296419286759e-07,350,0.0575968643528191,115,-0.89225336551479,0.9953352465592371,beta65.csv
0.03150739278901144,0.0231242545763748,3.5591850135183296e-07,465,0.0546631520181591,148,-0.8534471353266899,0.9947116488720921,beta66.csv
0.02877453204819857,0.0225831192073751,2.82903290872917e-07,560,0.0566632488207425,195,-0.8517995705555742,0.995350136351191,beta67.csv
0.030360334684394714,0.0204377812442488,4.08355513056047e-07,450,0.0552410769795263,146,-0.865414521152493,0.9954136854203409,beta68.csv
0.02576314685521119,0.0214837426067723,2.39847573201299e-07,598,0.0559313499189267,191,-0.857406630076143,0.9954978229651078,beta69.csv
0.017357997409670572,0.0205331074330982,2.21857596842123e-12,193828,0.0501971680925375,61729,-0.858368889285506,0.995932474532105,beta7.csv
0.0285251876182063,0.0204624576895898,2.79344777120195e-07,538,0.0539852206485388,191,-0.871568808636717,0.995658008760775,beta70.csv
0.028047464454904514,0.0229929960859788,2.70475947930285e-07,564,0.0529648370129327,182,-0.8308779560072671,0.994989359621976,beta71.csv
0.028378995073778484,0.0191276893313536,2.83002032939958e-07,536,0.0587505050254326,179,-0.9243745497125458,0.9964721136573221,beta72.csv
0.032315035032385725,0.0236241352707849,8.34301240915417e-07,312,0.0609602051847559,112,-0.8328865797073141,0.9946580146614109,beta73.csv
0.03136895870907582,0.0245572796917902,4.2407260023445297e-07,453,0.0479654983309208,148,-0.7642301094633751,0.993576041166212,beta74.csv
0.031243256672316533,0.0190802495468447,4.5893166950643704e-07,432,0.0559759872760227,144,-0.892519059242309,0.99568010505276,beta75.csv
0.032443740338817056,0.0287687020745583,6.793443507282189e-07,350,0.0581047364727903,117,-0.7702894385312379,0.992820528426573,beta76.csv
0.030756110081583028,0.0190201244018105,6.85788917257242e-07,359,0.0580074352430116,128,-0.901417135230731,0.9956275954939051,beta77.csv
0.035331974336082546,0.0216871647825457,8.816092853957458e-07,317,0.0614399416462827,105,-0.8963375181979171,0.996023291485038,beta78.csv
0.03003627543665822,0.0267030526360538,5.6929740783266e-07,385,0.0537688149463093,139,-0.804324386995338,0.993923756568691,beta79.csv
0.01736035792441436,0.0206218739450982,3.4151885863455698e-12,156320,0.0501190632397228,50012,-0.8552073413242329,0.9958703491061659,beta8.csv
0.03329280603908617,0.0236327748168777,6.25797526518665e-07,356,0.0548520924042826,127,-0.8226991995586659,0.9942589878481171,beta80.csv
0.0296549758250449,0.0257188748390823,4.72053783618468e-07,430,0.0516555616786862,140,-0.7663701641041981,0.9933871261941859,beta81.csv
0.026858062221599397,0.0326089095860909,2.38277827563364e-07,566,0.0506657185150637,184,-0.673359846503765,0.9909394942763678,beta82.csv
0.03263279228895284,0.0186193611487179,6.48800820189948e-07,351,0.0624785841379763,132,-0.931731902785777,0.9964148288235151,beta83.csv
0.033612448326344656,0.0204295604853296,5.70042920277544e-07,382,0.0527508954770457,126,-0.8986308173024191,0.9960707012866579,beta84.csv
0.03008975640161043,0.0198785094771895,3.57894476692724e-07,487,0.0557510528035718,166,-0.8883191018143042,0.995948634651902,beta85.csv
0.030021312548788023,0.0185351206679815,4.86605776300413e-07,415,0.060946872444289,141,-0.964890258682213,0.9968338116748491,beta86.csv
0.03146579122349516,0.0246419390071866,5.40448868783177e-07,388,0.0541798582421136,138,-0.806785428011736,0.994189623437562,beta87.csv
0.033003602424471645,0.0195104132228809,6.44989482258943e-07,355,0.0642794969032979,133,-0.944933773446767,0.9963181923645631,beta88.csv
0.0293539406751525,0.0234826058138087,3.64259712818137e-07,468,0.0577115479813528,171,-0.86877291672465,0.994894381099498,beta89.csv
0.01736056143908367,0.0205973700074846,2.3578697037481898e-12,188106,0.0501436873880927,60179,-0.8557067931150909,0.9958810961079592,beta9.csv
0.03219713199827056,0.027021909108045,7.203587797077171e-07,344,0.0643021091362609,119,-0.9166299333941721,0.994047066537587,beta90.csv
0.028423237800274163,0.0253650928258969,2.433703834923e-07,587,0.0550704482009377,197,-0.8515334221824029,0.9940741324053,beta91.csv
0.02886344794478645,0.0140806404550177,3.39638447590095e-07,500,0.0614187556145298,176,-1.00475643479562,0.997807078348605,beta92.csv
0.029272172677454945,0.0207501306356247,4.02590232103076e-07,466,0.0537104950199693,138,-0.865220143524985,0.9955425037340029,beta93.csv
0.03071762992860465,0.032185017564457005,4.6859135945894203e-07,401,0.0549656318994666,138,-0.7114507199177199,0.9909679119551529,beta94.csv
0.03297448229840126,0.0267415454464707,6.31642592826764e-07,359,0.0567767684766667,125,-0.7857688873101519,0.993717991369156,beta95.csv
0.026916963195397294,0.0196702985785591,3.16051219850903e-07,506,0.0576245693825889,163,-0.89972978042138,0.9958620182556049,beta96.csv
0.02989198592655915,0.0239162144878361,4.45792098321073e-07,435,0.0530087080119139,135,-0.8048641716797701,0.994164318586265,beta97.csv
0.032323430358317216,0.0204114375659079,5.478798313601621e-07,384,0.0609610279067947,129,-0.8905034331028259,0.995798716292297,beta98.csv
0.02977468815898931,0.0162888912034773,4.7662004991665107e-07,430,0.0610629476950429,154,-0.9688190646774242,0.997348940599578,beta99.csv
0.01751132560914385,0.0649809834060004,2.8222702325907202e-12,172083,0.005234230148973129,15258,1.157927910657,0.955147221151492,logis1.csv
0.01755932677674064,0.0646711738348998,2.5050600514581404e-12,182637,0.00540445370809934,16502,1.202358162794,0.9550233478156,logis10.csv
0.03374678911140468,0.052255493603912004,4.03637081623551e-07,461,0.0193441300034793,91,0.592615886217947,0.967542766810548,logis100.csv
0.03155452246997723,0.0724067341656052,2.79119297761178e-07,548,0.0167623654434402,93,1.31211036805722,0.948156612176864,logis101.csv
0.03435234244009264,0.0673091372680758,3.68428307444064e-07,473,0.0179825476725144,85,1.14846076922647,0.9514632481569121,logis102.csv
0.0349742174592637,0.0610343134456434,3.7907072808780604e-07,476,0.0158076463275246,80,1.33610412281725,0.957479144509519,logis103.csv
0.033376961866697655,0.062391169174125995,4.2023827264943105e-07,447,0.0253756737773517,97,0.562268948794423,0.9609041301116669,logis104.csv
0.032080746204603994,0.0659372277656938,2.9017476194636696e-07,527,0.0211311644301644,103,0.7572474707344671,0.957266347615812,logis105.csv
0.03258765473860843,0.0665899194040456,2.52874658537187e-07,557,0.0197239086778535,111,0.869639831850096,0.9557649591415369,logis106.csv
0.030447974886240764,0.0569910660701083,2.6871028284667e-07,577,0.0194605086340894,114,0.5125633955670279,0.966066080110458,logis107.csv
0.033357713062777086,0.0704828309232967,2.84381750816518e-07,534,0.0136429644194491,95,1.48067019815658,0.949662687687731,logis108.csv
0.03534561734237402,0.075026191258505,4.15369470085368e-07,458,0.0174494068586922,84,1.7953854665378701,0.9403768330586619,logis109.csv
0.017569329494413977,0.0652603419022953,3.1317800918853597e-12,163394,0.00596180213447438,15678,1.1902375881982,0.9547358461535109,logis11.csv
0.03195855773635186,0.0601925733116036,2.6936652797146895e-07,588,0.0157709429149822,106,0.8970599913914399,0.9609054806331121,logis110.csv
0.03698269193069909,0.0520105337951993,5.78596333183001e-07,384,0.0197829142496377,68,0.45487391756259293,0.968795296537384,logis111.csv
0.03918094834183206,0.063708229014676,8.46289174296132e-07,326,0.025861654288377004,70,0.47886396023984795,0.960858962252619,logis112.csv
0.03846308318245582,0.0699749533543022,5.97850079367528e-07,358,0.0267325044721873,82,0.5445155894089979,0.957066651486692,logis113.csv
0.030802094774284146,0.0556073255252643,2.7697705546487603e-07,555,0.0278110592756959,131,0.5144043179808211,0.96549137217179,logis114.csv
0.03430883439485009,0.0542261767007664,6.29850936065547e-07,374,0.0231096479009517,74,0.40840600901423707,0.967753814238751,logis115.csv
0.03413191860717071,0.0629010614282422,3.44749212071053e-07,503,0.0144704777022613,70,1.71006621463339,0.9514787818444921,logis116.csv
0.032358020895464024,0.0695557188893252,2.48996028300965e-07,592,0.0192021718002401,103,0.973468700357787,0.9522520303314799,logis117.csv
0.031904780780253245,0.0692092689057049,2.78089849569497e-07,550,0.0207581900403864,115,0.7540184431168739,0.95572270826461,logis118.csv
0.032006584040180745,0.0591664642172531,3.22995989079575e-07,511,0.0251545442378633,115,0.396879407341473,0.965463388955362,logis119.csv
0.017534111388335785,0.0650955845118702,2.2649185130531402e-12,192020,0.00579947020685603,18093,1.1705477939573101,0.9549442920416841,logis12.csv
0.03810141618750122,0.0491795030293455,6.612563971613751e-07,344,0.0259798378508791,76,0.0444124728511888,0.974854410758657,logis120.csv
0.017551358058276963,0.0650023459561418,2.78195327067803e-12,173075,0.00504453169165833,15018,1.22148406629865,0.9548404794978559,logis13.csv
0.01756859297900648,0.0653340090113009,2.72242814556775e-12,175070,0.005736721707394379,16383,1.219185813065,0.9544472829906179,logis14.csv
0.017557626727702086,0.0650625271196823,2.79775483090656e-12,172644,0.0044681128240819795,14056,1.23294903803165,0.954769733670471,logis15.csv
0.01755665202072955,0.0656747643003721,3.3973958827731496e-12,156587,0.00577201408704783,14787,1.2311325150893602,0.9540346221479692,logis16.csv
0.01757561476446808,0.0652439738278867,2.4642424609183703e-12,183744,0.00616875927647906,17985,1.18219396935351,0.9548427593786859,logis17.csv
0.01756390862551652,0.0646267206112094,3.4743419770836605e-12,154575,0.00599204269381808,14826,1.09812856524157,0.95582028402489,logis18.csv
0.017537097680070824,0.0646354156847704,2.22399345664929e-12,193759,0.00615930187815677,18826,1.13846763512891,0.9554792244975621,logis19.csv
0.0175592951600012,0.0648466899406613,2.3960312207861805e-12,186707,0.00728221505553664,20150,1.0982982962525099,0.9556935486077429,logis2.csv
0.017546050914008106,0.0644924469572769,3.09621023047184e-12,163641,0.00588675832068066,15696,1.11823649340651,0.9558524354958481,logis20.csv
0.03027137549560024,0.0687599002654157,2.4130264688003805e-07,595,0.0197024198265037,114,1.2474447345143602,0.951104591733989,logis21.csv
0.03770041748427909,0.067258446452271,6.138965634352779e-07,382,0.0170030160897771,69,1.8520673015437998,0.949137643193858,logis22.csv
0.03433700607390069,0.0603819142990918,3.21434424298209e-07,496,0.0242679878630899,107,0.51769423171515,0.9633180488254359,logis23.csv
0.030836150496064547,0.060744493131594,2.2559836990221402e-07,598,0.0166643433076266,101,0.81525286678953,0.961270650674538,logis24.csv
0.03768422367329408,0.0636378830424114,5.178794319929249e-07,405,0.0239567362378383,89,0.5797424223209809,0.96119888084327,logis25.csv
0.036839445541739374,0.0647592636845165,5.4663380811493e-07,397,0.0162731955648163,62,1.6364990764657101,0.951446377891388,logis26.csv
0.031920480523367066,0.0612324606074298,2.5097997063442803e-07,581,0.0206062989226965,120,0.5481420549461861,0.962462094000131,logis27.csv
0.03113559225724063,0.0500121347791668,2.28267243712951e-07,586,0.0198025113846247,116,0.29703536095943395,0.9720956459587728,logis28.csv
0.03324349555355439,0.0604161118464424,4.2889684490765e-07,442,0.0236819585991938,90,0.45709130366592293,0.964076720626167,logis29.csv
0.017535355674724532,0.0654503712292981,2.62947108858122e-12,177864,0.00592104157375488,17137,1.15999926211764,0.9548487984313442,logis3.csv
0.04030681988297546,0.0759815210253623,7.83376190649372e-07,328,0.0175106470504113,62,1.96797910096127,0.939196081273759,logis30.csv
0.039543717782417366,0.0602909222012735,8.883115976612891e-07,306,0.0207524783258203,57,0.9014475078590821,0.959460034878778,logis31.csv
0.03820147696398958,0.0634145949000368,8.548374458313771e-07,321,0.0262353008310004,77,0.380658159154313,0.963465667798771,logis32.csv
0.03154095478082294,0.0673860645785931,2.6001188848803003e-07,572,0.0140006589653022,85,1.66640698749126,0.947829601461481,logis33.csv
0.03247317156437711,0.0614401584958417,2.57531547643462e-07,563,0.0199783865867643,119,0.665013444207188,0.9608436953988301,logis34.csv
0.03425366589378169,0.0640653018438408,2.7888612528508504e-07,543,0.015368671963909999,84,1.31004422863359,0.955151509026629,logis35.csv
0.03192069519004767,0.0774658847866098,2.2239264046785602e-07,598,0.0173762060499554,110,1.52441061726787,0.941003435909928,logis36.csv
0.037020546181769434,0.0756432499549025,5.18044596230428e-07,404,0.0158124754023068,72,1.5464343784167098,0.944867615433979,logis37.csv
0.03506717077569563,0.0683529738014269,3.48255460423041e-07,488,0.0182481156498944,102,1.0400814479426899,0.9527987546554608,logis38.csv
0.04142606397210225,0.0616906981746736,7.590479812453671e-07,337,0.021848883627231995,63,0.7107247873077379,0.960920550283322,logis39.csv
0.017564672379751154,0.0643816508521163,2.36605347003089e-12,187675,0.0047626461513080205,15734,1.16351854790091,0.955739228751192,logis4.csv
0.03598830991626186,0.0699168886836255,4.0244016085261505e-07,453,0.0149568090350366,69,1.30473371797397,0.949821079594942,logis40.csv
0.033390736736147744,0.0596854138540064,3.22509741396558e-07,493,0.0211487580464528,96,0.664896407073306,0.962233752195204,logis41.csv
0.03403040796025365,0.0636661509718142,3.76262914485948e-07,471,0.0265442105773021,109,0.44511455900275104,0.9627210988060309,logis42.csv
0.03458409393877121,0.0736677598444472,3.43542762854746e-07,489,0.0199467867972831,91,1.19453987303123,0.947884404515635,logis43.csv
0.03703447226123052,0.0674396309291842,6.38582255229973e-07,367,0.0260650708513246,78,0.762212441186719,0.9562173144654978,logis44.csv
0.03675609059681638,0.0660807948145849,4.90547460412608e-07,405,0.0216619264459312,82,0.763778039927361,0.9581904236734531,logis45.csv
0.032200515719339295,0.0607095094038533,2.9937291182478106e-07,527,0.0181262505788696,85,0.724571492718002,0.960913237913864,logis46.csv
0.035639170656527004,0.071139968662673,4.3632484125009994e-07,442,0.0178986165332756,73,1.26492388260106,0.9474218811789,logis47.csv
0.03116218070761721,0.0624675060550959,2.68417545337679e-07,551,0.022496579000404,113,0.508121317598185,0.9625845689948249,logis48.csv
0.041507832042290874,0.0705056506554999,9.61473353426898e-07,299,0.0224283812616895,64,1.05687448168779,0.951103141092168,logis49.csv
0.01752976908885263,0.0652825341225903,2.6398212610574102e-12,177443,0.00553709071197646,16408,1.2062596096533,0.954593694693744,logis5.csv
0.03285965004482335,0.0702724966835339,2.54451983363803e-07,576,0.0114000392077212,73,2.0592374780062,0.9463409611391459,logis50.csv
0.035007130220046784,0.0526085211133839,4.91554582446344e-07,413,0.0235608386730809,89,0.217653781253822,0.9719772739883891,logis51.csv
0.03504371569235723,0.0569600934899926,4.827919047850279e-07,411,0.0221895423285999,90,0.43215927056082704,0.96594832273488,logis52.csv
0.037835847335222945,0.0526806438460843,6.37203159853065e-07,355,0.0194341732840716,64,0.9280987824412159,0.963350701930702,logis53.csv
0.03738044900272401,0.0605378251570667,5.50829031103182e-07,381,0.0227202996410262,84,0.602279809235584,0.961659993823989,logis54.csv
0.03234596425651011,0.0600934804382295,3.4667866359451104e-07,503,0.0238552817654148,118,0.48596655329818705,0.9637082299496059,logis55.csv
0.03168220892435014,0.0643279979016591,2.40392355684829e-07,566,0.0140223679075547,85,1.51810972289419,0.952513241764609,logis56.csv
0.03113447416895334,0.0624650876153907,2.8736067872452697e-07,538,0.0228619635006274,120,0.5556201031585021,0.961879852661206,logis57.csv
0.03373188992004478,0.0650721526136732,4.26499298920546e-07,443,0.0229695815566018,98,0.618231045731596,0.959542970344775,logis58.csv
0.03413814639033204,0.0709501798404914,3.0239722617374e-07,511,0.0172891601124091,87,1.4023535157939397,0.9482966530572979,logis59.csv
0.017534612529951654,0.0647104625695557,2.48369179299981e-12,182957,0.0057977146119699,17087,1.15085161349162,0.9554731678017192,logis6.csv
0.037567137594562934,0.0603930097290432,6.55895133247541e-07,361,0.0243384061770594,85,0.47355701113203397,0.9645834939196091,logis60.csv
0.037183245786447335,0.0612916313576789,5.5456724873334e-07,380,0.0269228866778861,91,0.44800255838698705,0.9642016770581759,logis61.csv
0.03170381464994298,0.0655077385764659,2.71513849105828e-07,563,0.021179909437407,112,0.752326361094771,0.957951934071303,logis62.csv
0.038667734438185934,0.0659661063707273,6.952279474007539e-07,359,0.0262617389130362,83,0.6471681022797199,0.9580661067314151,logis63.csv
0.03741404669350454,0.0725460212437238,5.701023847078961e-07,398,0.0228673613519299,86,0.9429259888292522,0.950902996323553,logis64.csv
0.031311689462314614,0.0642009887651156,2.2721899509015197e-07,596,0.0199650056499198,113,0.72632210464999,0.958612200891856,logis65.csv
0.036554320687494736,0.0482956840062101,8.833772124669219e-07,322,0.0297001481083227,84,0.060355353918033,0.9744875108083271,logis66.csv
0.03240295296901854,0.0586060687513299,2.4974501465783897e-07,570,0.0168641737063387,100,0.758468231055977,0.963950661490943,logis67.csv
0.031293569672484596,0.0616225188436039,2.88258115828957e-07,533,0.0255013128254897,115,0.376531770784122,0.9647842682789741,logis68.csv
0.03120781167573219,0.0560956682830477,2.40322117083166e-07,595,0.020707380775269,118,0.5941853708665009,0.964405322929235,logis69.csv
0.017553893179362155,0.0649288818924485,2.22400549325232e-12,193364,0.0059670648711344,18540,1.1906590269698702,0.9550477852798399,logis7.csv
0.036944939236518926,0.0650632802405312,6.781248300371061e-07,352,0.0199893448718155,68,1.2450192393348,0.9548601177818691,logis70.csv
0.031119338336328472,0.0616147649889719,2.9473202947683804e-07,553,0.0207939188930617,112,0.6617148426117221,0.961092110842054,logis71.csv
0.03612816117175549,0.06585872221776401,4.81221218179335e-07,422,0.0169955986752718,73,1.2098854122173999,0.952076212760615,logis72.csv
0.037339122784311944,0.0640769807832893,6.1432376202683e-07,369,0.0256069882515051,82,0.4965804198737921,0.961890532593682,logis73.csv
0.03153460824014398,0.0526579854600489,3.22672208476345e-07,489,0.0287454555938923,126,0.0691104338416482,0.972695946224345,logis74.csv
0.03125026616516501,0.0770037286282805,2.62351575305926e-07,566,0.0172037961116461,107,1.46808973773365,0.9409962773375942,logis75.csv
0.03525023920841109,0.0648026593360886,2.80747167693644e-07,535,0.0231045099788643,114,0.6645035650885339,0.9590631151377791,logis76.csv
0.03467065218641941,0.0711337432201973,4.07218905901506e-07,453,0.0205896919952518,96,1.22950222298914,0.9484891964073101,logis77.csv
0.03055183522257606,0.0610910829727131,2.3883236699301895e-07,587,0.0218185012375459,131,0.46602801563710705,0.964235586298468,logis78.csv
0.034687043506942114,0.0613387304228801,5.01616793538972e-07,425,0.0178363467563146,73,0.824000911624167,0.9606296415265941,logis79.csv
0.017509623064317106,0.0652088113443948,2.70185227444774e-12,175760,0.00598692549778543,16821,1.17367669659493,0.954835377448116,logis8.csv
0.03300389130397209,0.0653665873835629,2.66715868823184e-07,559,0.0217570028609157,123,0.649039307825506,0.958943192629067,logis80.csv
0.033135169241647194,0.065100565804343,3.14649784964116e-07,496,0.0175049094836266,91,0.900230732414629,0.9575932610509379,logis81.csv
0.03229907087130443,0.0533348679675199,2.97972340267568e-07,532,0.0193191870272227,101,0.535246436690403,0.967257700884078,logis82.csv
0.0331762487961152,0.0662080172385501,4.07308905883216e-07,450,0.0239061894293075,106,0.531137039126973,0.960601224454236,logis83.csv
0.03206868434646812,0.0566302249431003,3.381501943557e-07,490,0.0238208630028843,118,0.36301594225545203,0.968138944044823,logis84.csv
0.035274564335872526,0.0470210001477795,5.0339530423736e-07,402,0.0249845090321373,92,0.048633430173917996,0.9754716733202871,logis85.csv
0.035982262082427295,0.0608108577791906,6.1134395484699e-07,381,0.0208450170690389,69,0.8931810476776999,0.9586681563316449,logis86.csv
0.03666189729168499,0.0528355789491047,5.561042615909411e-07,388,0.025578841129405,85,0.18226871105607503,0.971314024146344,logis87.csv
0.03474878179481695,0.0495905868007732,6.24599940158945e-07,364,0.0299344475107056,86,0.0288494535169352,0.974215134782213,logis88.csv
0.03171459960072275,0.0584325635740332,2.88192784337076e-07,545,0.0241391645930493,123,0.447718544268646,0.965201476001935,logis89.csv
0.017567203463309724,0.064419796476341,3.6645115012878905e-12,150896,0.00501695040125659,13123,1.16007162644664,0.955750572806688,logis9.csv
0.034344562815057704,0.0704045592448485,4.6354168222329207e-07,421,0.0239415727764069,101,0.7147100312469891,0.954426284797162,logis90.csv
0.03450406577683268,0.0575668823138965,5.2062914761124e-07,406,0.0247464455223683,92,0.19053267030535,0.9694492019886128,logis91.csv
0.03512722787158273,0.06013161868103701,4.44503671588976e-07,434,0.0244202876396886,101,0.439569268313151,0.9645266981989771,logis92.csv
0.032584318718740096,0.0599788025508452,3.33300102669828e-07,505,0.0195326410481493,82,0.722790476587162,0.961244466900918,logis93.csv
0.03824216700039054,0.0607955788061208,5.47943558927344e-07,380,0.0212497552348596,82,1.02873175745685,0.958700964484795,logis94.csv
0.039115515778131466,0.0687650300963997,6.6324565221671e-07,344,0.024726245613003996,74,0.629551963103141,0.956615716949101,logis95.csv
0.037984553074275965,0.0611951266432766,3.9174706146988796e-07,457,0.0172151365776566,82,0.83352411044863,0.9598172909196501,logis96.csv
0.03347793688513472,0.0641796700498081,2.8124847939724e-07,548,0.0224937489026584,117,0.675573031563929,0.9593521851228599,logis97.csv
0.031890258851361264,0.0683035857608265,2.59612753609679e-07,565,0.0229831097166951,121,0.795760858213385,0.955288811494987,logis98.csv
0.030577677580749835,0.0675708310276294,2.69846890354028e-07,556,0.0231455078132819,124,0.897115999111712,0.954488382998038,logis99.csv
0.017747789272684614,0.16883518604527303,2.3090906259438597e-12,189756,0.000545497442252794,5442,82.4254432230933,0.6941890609747049,logn1.csv
0.017725254465135516,0.16870707141384303,3.6063352847103102e-12,151844,0.000730112840882745,4865,73.8821522485274,0.6942863470626689,logn10.csv
0.03640435704683725,0.174221811232192,3.9342136348371294e-07,462,0.00556873907241354,28,58.4602759522758,0.67166232839863,logn100.csv
0.03470166176620457,0.185835931807557,2.9755033116275897e-07,544,0.00671895201284355,40,48.1731075017173,0.6358379053062321,logn101.csv
0.0367419080425524,0.153593898819799,6.48300321152618e-07,357,0.0224301437385292,44,8.41482720445422,0.7778631975211708,logn102.csv
0.031928282664145415,0.163512496723154,3.2791186071253e-07,509,0.0105422371723715,47,26.2278110521969,0.724633389745747,logn103.csv
0.036388167738708226,0.14974858039772798,5.475954257311871e-07,392,0.014191535851558,42,13.5735001745126,0.7782993790343721,logn104.csv
0.033391646296103146,0.170893442161615,2.7663737187008e-07,560,0.0123154129934957,60,17.9020591643889,0.714308907902072,logn105.csv
0.03681132935001545,0.18228647237829,4.97769487697906e-07,399,0.0100468926086684,32,33.7135298866851,0.65309521521693,logn106.csv
0.036092709187636095,0.14391621129252202,5.67282217157498e-07,379,0.0199098180516613,48,10.0464771088968,0.7943876444544241,logn107.csv
0.038805459887013644,0.17805311227364604,4.3742769386898e-07,443,0.0108001479038487,44,25.139863291583602,0.6816418782703578,logn108.csv
0.03509714769319855,0.15314663548184101,3.46286859361343e-07,499,0.0164159025066446,65,10.955971081895301,0.7729121726117321,logn109.csv
0.017766931973751208,0.16890518381840602,3.5525469076468204e-12,153424,0.000806172818836016,5248,59.72592848629029,0.69635538477488,logn11.csv
0.036570639519590775,0.174295617039101,5.40715662908204e-07,390,0.014563945220552,38,19.6991333975615,0.7002118105869991,logn110.csv
0.03685374221584763,0.17562623356145002,4.40862445829617e-07,425,0.00920904710394806,36,30.9008120830715,0.68202189299447,logn111.csv
0.03190020884970464,0.166277462619938,2.57407795138602e-07,578,0.00631360653046488,37,43.628275849911795,0.698134375234448,logn112.csv
0.033155795218490804,0.156397933403799,2.8473896125520397e-07,531,0.007439129594384841,51,28.9334691860285,0.7433726701224029,logn113.csv
0.04145284650065096,0.17704180893369198,6.309008109746329e-07,361,0.00619449482038105,22,62.3775228478244,0.6556822935683261,logn114.csv
0.04151447392362754,0.20751346828366,2.12752155177927e-07,598,0.00219353541853008,15,312.993484067427,0.48763020110467004,logn115.csv
0.034586460360159665,0.160987356582395,3.13901674098883e-07,521,0.00516766700829249,35,59.2249177834395,0.710210960097625,logn116.csv
0.037471537227594005,0.181670226317104,4.6868868392730206e-07,417,0.0129818050245589,44,24.275796786083898,0.668256482550427,logn117.csv
0.039686667264775696,0.167552486824716,7.392439960571291e-07,340,0.0113066898761132,32,22.6751331220713,0.71597762769932,logn118.csv
0.03250055379929376,0.158679804783514,2.35072280004494e-07,597,0.0123235262444134,63,19.5365223439261,0.739136870123004,logn119.csv
0.01770709337688502,0.171736757412569,2.17775465848061e-12,195560,0.000796360088391966,6413,74.13669023212009,0.681722685742745,logn12.csv
0.03920117074078189,0.17239648914107503,7.302230609296941e-07,340,0.00715142896880123,27,47.1898202782226,0.678218298354861,logn120.csv
0.017718317356616314,0.17121317367118102,2.1252670525398704e-12,198055,0.000568621232576423,5645,93.32246799730059,0.6823442413792039,logn13.csv
0.01771060384241903,0.168749479571037,2.79235686219573e-12,172443,0.00039559213355632404,4383,115.65837708837,0.6926764957725029,logn14.csv
0.017727801300590505,0.17080464610859497,2.2310792246022903e-12,193135,0.00016490981315100901,3451,238.517962466567,0.6838600377298929,logn15.csv
0.017721854570739253,0.169775098087163,2.6035124904494505e-12,178948,0.000735425449086781,5795,78.4306330656987,0.690222732874804,logn16.csv
0.01766426110055148,0.169078734031289,3.66541816150402e-12,150795,0.000333108652127633,3586,106.59647356592899,0.693579238803567,logn17.csv
0.017758966020414074,0.17035823927691898,2.71026912825217e-12,175417,0.0006267999021130651,5409,79.9600007430497,0.688266501824544,logn18.csv
0.017752962133329178,0.172122223074155,3.3942357710677097e-12,156567,0.00018223330884166,2882,249.386502083408,0.675888840823434,logn19.csv
0.01774851182335071,0.171933761888383,2.2713507302989303e-12,191349,0.00015664381540626498,3329,299.006937755844,0.67690279160561,logn2.csv
0.01771589528512358,0.170060149832392,3.19928810617329e-12,161172,0.0006990240858507089,5086,67.44921552106639,0.6904996242513579,logn20.csv
0.0368803966278199,0.189536670008808,3.21966214863663e-07,491,0.006222116908187821,33,58.044700817003005,0.6157005674762089,logn21.csv
0.03801367500683944,0.17688620642030603,6.79739341176493e-07,360,0.0121805923735109,31,34.3112840800617,0.666655383697516,logn22.csv
0.031214828322705442,0.16320934435733098,2.60321807372699e-07,559,0.00641277050610207,46,37.1691076204144,0.7196147150355681,logn23.csv
0.03233230734521299,0.17224205390978303,2.6358325040787396e-07,589,0.00536978538352104,34,55.45306843183829,0.6789551814909799,logn24.csv
0.032759751504699806,0.155547100049206,3.43046251657428e-07,499,0.00937099739497051,46,24.7712004040047,0.744134023254758,logn25.csv
0.039428716662944334,0.156599229740033,8.032889187360009e-07,315,0.0178570010099973,40,12.1714521652728,0.762505073942532,logn26.csv
0.03776887276012078,0.179442932468728,5.02926044109425e-07,411,0.0090701764565198,32,34.927837616210496,0.6628348474366209,logn27.csv
0.036558262707644826,0.17065473730991798,3.80290427080748e-07,471,0.00846272347157716,39,37.4023537422242,0.6885010567039661,logn28.csv
0.039759292985908704,0.136481298538879,7.53511478934277e-07,322,0.0210873104597144,46,8.0347854694117,0.817667867489935,logn29.csv
0.01779220157374457,0.170513216464362,2.51832720648188e-12,182044,0.000652026976323528,5583,78.9823235926782,0.68796188232876,logn3.csv
0.03885970808285103,0.168860085407774,4.5544787010181105e-07,434,0.009473840403284159,38,29.1524584757335,0.7035572608443871,logn30.csv
0.03821897841782562,0.191490127541435,3.6741031970361796e-07,470,0.0035878916484421205,24,142.444549863954,0.5786518719092789,logn31.csv
0.03754553187805229,0.16970467461307298,5.36465799759608e-07,405,0.00983616665778057,40,24.191041876994902,0.7100557512383309,logn32.csv
0.0362187000023691,0.163134404403423,3.85829860175634e-07,462,0.0111278471935381,41,23.7626116476272,0.720861575292598,logn33.csv
0.03123622294843106,0.15910551090618302,2.5638804729425696e-07,577,0.0201416567340998,77,10.6757731549726,0.75993747402321,logn34.csv
0.031052687314149834,0.151867672217134,2.5576252560580396e-07,580,0.0117359110397727,57,16.949142366959,0.7661945758631701,logn35.csv
0.04116559927765507,0.190127291931645,5.19811824537554e-07,406,0.0042725619912032204,25,114.254113112512,0.5901192917259139,logn36.csv
0.03538840447030777,0.163315393954009,5.03886347942483e-07,394,0.0220253443454978,54,9.6532856302689,0.7464448907166199,logn37.csv
0.035283553002922505,0.167782685382604,4.16913011060831e-07,439,0.005581582486760999,30,59.4399615980912,0.690009438773037,logn38.csv
0.03169449076271179,0.153008277472054,2.47087704915601e-07,563,0.0137158171250283,68,11.536574180992401,0.7737701220613921,logn39.csv
0.017782456045013665,0.170595655998898,2.9661862649064e-12,167708,0.000484500511631175,4559,82.8041833815055,0.686852179816064,logn4.csv
0.03790457470736426,0.16622391088523,6.55526216153425e-07,369,0.0188320805485395,41,12.441296464466,0.7384942353567601,logn40.csv
0.04436323180755405,0.19123456711148198,8.31480483545984e-07,312,0.0105627401412018,25,37.1367059154628,0.620842805672869,logn41.csv
0.03838283153175094,0.14833581277286903,8.2388611106596e-07,312,0.0224082993266157,44,9.848080255325641,0.7884872052299841,logn42.csv
0.031847952817995705,0.18726713973621398,2.4733460123714105e-07,588,0.00505148667491745,31,73.44485432306291,0.61618727292317,logn43.csv
0.039220676342436714,0.182574869446374,4.699570099397679e-07,427,0.0109277077864228,37,30.3691050710739,0.655352269793499,logn44.csv
0.03062638280579601,0.153121208154219,2.53317295672809e-07,580,0.0164186730358045,73,9.71235865596758,0.7764933711599691,logn45.csv
0.03129042239123914,0.141892207990693,2.79422506608605e-07,562,0.0133510788430557,62,12.0244362473266,0.796209861455774,logn46.csv
0.033955237743037193,0.16310233930650198,3.1342428577709697e-07,512,0.009669312151927229,50,20.7541798314817,0.7292928076702879,logn47.csv
0.03882804358460804,0.15179367411560699,6.267848010098001e-07,362,0.0142295904006034,40,12.797142561286199,0.775991560877827,logn48.csv
0.039839775079478036,0.174246975164138,6.99956628178968e-07,352,0.0122591215288255,33,24.9120691407772,0.6879037196815211,logn49.csv
0.017675234338838254,0.174387576330599,2.61276114806834e-12,178419,0.000262662090888632,3866,180.619014355519,0.668769924240934,logn5.csv
0.03435028204992096,0.16266550031316102,2.8716721301099803e-07,545,0.00583356538444555,33,47.2452212269965,0.7107141508682511,logn50.csv
0.03545286278960957,0.15414423728476,4.5519908457984505e-07,424,0.0176199985585176,56,12.051514938054199,0.767418091992173,logn51.csv
0.03507963204373563,0.173295154219479,3.57200450807993e-07,508,0.00818887211062227,40,29.5045396368378,0.6955413423408828,logn52.csv
0.030334299316709726,0.15267685215944599,2.70959531639739e-07,566,0.009277713888370741,54,20.376859567817398,0.7580838030379871,logn53.csv
0.034161728490461375,0.176170119235351,3.4441193856357e-07,497,0.009439171887690041,39,36.3632581256085,0.6732553369394789,logn54.csv
0.03555037602820833,0.162106552797262,3.41932673785584e-07,499,0.00958796403034998,44,20.9510924168582,0.73717296479838,logn55.csv
0.036742328295850515,0.14930176744534,7.43852455211808e-07,342,0.0226125598943391,52,8.23276514319556,0.7909303215438449,logn56.csv
0.035618878376529335,0.167635142202516,3.71659833593474e-07,476,0.00578496274295428,33,51.25082995635879,0.6957442019004829,logn57.csv
0.03872847826818619,0.15588252331969402,6.3700102168699e-07,349,0.0145876133875871,37,15.083499262469198,0.758223325920459,logn58.csv
0.03456416590830097,0.15684104184232597,2.838474138598e-07,540,0.014524193360607,56,12.249565043116801,0.764723207905828,logn59.csv
0.01780204876205496,0.168664549947388,2.6892996248802503e-12,175942,0.000786081813411219,5895,58.415957162221204,0.6976155473967219,logn6.csv
0.03697592729115862,0.160458130313158,5.959524525413779e-07,369,0.0128391998671794,39,18.1452983391365,0.74159827187087,logn60.csv
0.03536478793747053,0.140798079047315,5.22259171613085e-07,392,0.0173134124626401,52,8.21230718905819,0.812148106705371,logn61.csv
0.03535601848162455,0.18120262889551397,4.13829803837555e-07,451,0.00869979816525658,38,42.1465090403357,0.652956707398333,logn62.csv
0.040762722098378563,0.183697676719941,4.2428885754808297e-07,453,0.00762828285095007,36,44.1863794714847,0.642618714329813,logn63.csv
0.03685376381033754,0.152137127595881,6.223274574338351e-07,370,0.0145013434763018,37,17.6395295094797,0.759585116280799,logn64.csv
0.03979707799707281,0.17865624404620603,3.70762764326831e-07,472,0.005457061234649571,30,63.13056349806829,0.6512547156259761,logn65.csv
0.0368476250692714,0.143506802897137,7.63228853545565e-07,334,0.0276802963515991,49,6.87695594351163,0.8096124388726149,logn66.csv
0.03526195171373913,0.14714819499377302,4.57330945142161e-07,436,0.0202264218326681,56,8.66823605909455,0.7931776457161959,logn67.csv
0.03478722791219911,0.170517946501743,4.22676508784823e-07,434,0.0115510831653187,38,24.358172973295897,0.704303561570684,logn68.csv
0.0362992457974126,0.148933153740203,6.13990213803585e-07,373,0.0250953084139718,50,6.47197677866765,0.8032162895102859,logn69.csv
0.017675948837442165,0.169637251009654,3.5114335033786096e-12,154262,0.000983014692712251,5627,58.742476776985995,0.693239954156862,logn7.csv
0.0490354785316063,0.19174463049197604,7.951395912909809e-07,316,0.00762678626681345,24,50.41507869652099,0.6110715357649399,logn70.csv
0.03457227551705952,0.166663358980699,2.98323433916039e-07,535,0.018470035353724,65,12.375169815595601,0.733676553810165,logn71.csv
0.03206532806328552,0.15727434222925302,2.65842107286831e-07,565,0.0102818747648139,54,18.7980693236601,0.75086676685899,logn72.csv
0.03767995554541216,0.182482557043284,4.1476812085142604e-07,411,0.0054477947719024,25,69.8228717057653,0.636499295654521,logn73.csv
0.0398356906083513,0.17228252275844197,7.066438130599979e-07,359,0.0134858730027316,40,19.977232882495603,0.7043161462106501,logn74.csv
0.03512730860056227,0.17204708271677402,3.4875032353201605e-07,503,0.009442742486222691,38,30.688494185638103,0.6936206566462692,logn75.csv
0.03307785243090387,0.16787787613234803,2.93432074504062e-07,537,0.0160686994298314,56,15.4837761359787,0.723786540174277,logn76.csv
0.03404326627619985,0.135937574105876,5.779157615747799e-07,384,0.0310481800378376,64,5.09901044547551,0.83041711790167,logn77.csv
0.03563282711450798,0.155890020913452,5.93233205511886e-07,375,0.0214852284167302,52,9.62289978011421,0.769354694861024,logn78.csv
0.04275304863589017,0.18935720658258498,7.01731929818482e-07,333,0.0106086058160555,26,28.503345906754998,0.639844211809161,logn79.csv
0.01768706443872824,0.170845253463041,2.4997046952443398e-12,182878,0.000502427052578732,5136,86.36525991741391,0.6858784256847771,logn8.csv
0.03816918053911889,0.17133032963746303,6.30039691001935e-07,370,0.00850732632606894,35,31.466992775698102,0.695465541742431,logn80.csv
0.039879967163944034,0.162867889760119,8.67699016675096e-07,304,0.00786042587355848,26,41.2213036548344,0.7126337216852571,logn81.csv
0.030844931405883614,0.15505114466325698,2.25198704807399e-07,599,0.0138837993195568,62,15.617345128978698,0.758861544026723,logn82.csv
0.036005856284857876,0.17644636406521,3.02795244536678e-07,533,0.0122692483624379,45,22.563329351550102,0.686715515050845,logn83.csv
0.03383561366628134,0.18194972064928,2.80835288587417e-07,529,0.0142458174008426,44,22.879805683957,0.6718045564394781,logn84.csv
0.03323950721414286,0.17112129862976902,2.77995611416881e-07,552,0.0055972427546775606,44,50.62070467446179,0.684593227122715,logn85.csv
0.03718137529748152,0.166353886982203,4.27375345687786e-07,442,0.0130541368754729,45,16.381273165968,0.731368838797635,logn86.csv
0.036299096173736535,0.172568576755582,2.85282364651826e-07,561,0.0067267110695012,43,41.2421644270803,0.681871040435738,logn87.csv
0.04166502291692587,0.17097359839607001,8.750267478300421e-07,299,0.0119021560713357,22,31.7168605848493,0.6881320538510419,logn88.csv
0.036195238713647805,0.158200820410525,7.06351830880867e-07,352,0.0149074768897417,41,13.678543664224101,0.7557182332138109,logn89.csv
0.017809346477831285,0.17047506765455897,3.70061271340554e-12,150133,0.000608853740679953,4504,76.2216911478195,0.6884984627977121,logn9.csv
0.03873307620482379,0.172116280138392,3.99278048138444e-07,447,0.007386819095472691,37,35.738059252853496,0.6913442569354731,logn90.csv
0.04211810761515197,0.16273652453729198,8.061252990433079e-07,328,0.0106365955358592,30,22.138318653697098,0.73080915196647,logn91.csv
0.03186636888040784,0.1693191698838,2.6998281553636697e-07,561,0.013067103411413001,58,22.5489814495788,0.7089254905228041,logn92.csv
0.03756261845543585,0.16042637434569598,4.81729129675594e-07,425,0.0167892945787363,56,13.9446613823774,0.7476071212386529,logn93.csv
0.03379761319834883,0.15186642099506,2.87897687880195e-07,528,0.0167367662719832,61,11.935704153377198,0.7731834130723549,logn94.csv
0.03873868129543352,0.17403187938449402,4.07553626324011e-07,458,0.007285685785724159,38,38.3851035245179,0.683022085874807,logn95.csv
0.037069087002723815,0.167660211100992,6.582270177067211e-07,365,0.0127824063077254,31,21.3488515055544,0.7146353949138821,logn96.csv
0.03762342782446867,0.18281347585649804,3.75349320777634e-07,466,0.00500037488513205,28,74.97786895496671,0.633181011248983,logn97.csv
0.03466151424528824,0.16830799434967902,3.45751945357312e-07,495,0.00633559271731559,42,41.2686470547237,0.7025848726681421,logn98.csv
0.037524496293830895,0.165094989880035,4.3573133955172797e-07,439,0.00513000149415378,27,69.6687134327929,0.6906604759476049,logn99.csv
0.017712034540143574,0.18308847382275897,2.44017814916091e-12,184618,0.00033388371878949303,4228,195.416070515458,0.62835087519502,parteo1.csv
0.01782912639154862,0.188504236578724,2.486573668013e-12,183168,6.671522697883579e-05,2211,1461.01842741291,0.592325670171647,parteo10.csv
0.031700148259520104,0.15803260743213,2.33791112184105e-07,598,0.00573406006820285,46,43.565753334845,0.7267258405120501,parteo100.csv
0.05172347796803428,0.230069227190677,3.50207793996967e-07,481,0.00238507080369632,11,340.621199199221,0.36268143133820796,parteo101.csv
0.034016233705492394,0.155754303286692,3.63919970572132e-07,487,0.00747192222353161,40,32.8629194452431,0.7348709815634,parteo102.csv
0.032413578347042116,0.161251706460822,3.50556807694139e-07,497,0.0108694929676813,51,18.0022493443721,0.7399688180444359,parteo103.csv
0.038091384413480575,0.187369757148899,4.37427354253656e-07,446,0.00680032114711298,36,49.36169664322001,0.625845889332522,parteo104.csv
0.03927043798095274,0.18446425113045498,2.94050993879621e-07,519,0.0108017095868311,50,24.708188298012498,0.656523021511732,parteo105.csv
0.03377083005827478,0.16913298829686801,2.37054299058845e-07,580,0.004716774722680279,33,66.6293915634148,0.6824890800129549,parteo106.csv
0.037255368387360925,0.184339427554955,3.7292888688759606e-07,455,0.00618028391580575,32,52.6383676464291,0.6408522317528199,parteo107.csv
0.035925951721991145,0.170478821645661,3.15096908006802e-07,511,0.0109612923194376,52,20.3609765063512,0.7110882488981309,parteo108.csv
0.03342500440614383,0.147472216436959,3.4766702472575603e-07,490,0.0174610579153917,60,13.182356931935502,0.7768703496554691,parteo109.csv
0.017829963557342985,0.189473380662078,3.04923227712824e-12,165466,7.10469677345083e-05,1969,1478.8427885599401,0.58635939962832,parteo11.csv
0.03453549970289053,0.18002490873429,3.14122708466548e-07,511,0.0102504521169981,47,26.405064656406303,0.669892433687702,parteo110.csv
0.036188251160725105,0.190942167454965,2.46749051472598e-07,575,0.008840903498565691,45,43.010795915147106,0.6134616503820529,parteo111.csv
0.03415030461053883,0.137493273867764,4.2866462199956003e-07,445,0.0172942245305216,62,7.91529305190067,0.8157182836108879,parteo112.csv
0.060661989365005435,0.231675986488221,3.6093217061423396e-07,492,0.00453685606669169,21,163.827154564642,0.36781069658549503,parteo113.csv
0.04540257233786786,0.202815737951225,3.41404308965378e-07,481,0.00374598419254306,20,133.433210461775,0.5363108983791071,parteo114.csv
0.039560207797400826,0.196242134485722,3.73727582726515e-07,473,0.00874805726610434,36,45.9710065237043,0.592950057060574,parteo115.csv
0.05160366575560936,0.219126284155165,2.71185249870477e-07,544,0.00253486062479681,21,263.438811310443,0.43592303702995894,parteo116.csv
0.047713696926914136,0.174318452943123,8.38126887269215e-07,315,0.005661693001375999,16,79.3879960318823,0.651673388582776,parteo117.csv
0.04108152516666677,0.19371262711018697,4.5717020745445797e-07,417,0.006030949060568679,29,60.3733930408187,0.6012534854148461,parteo118.csv
0.033606055329095025,0.157105010622322,3.41057865742304e-07,505,0.0176260489204203,67,12.615337680390802,0.755257130924999,parteo119.csv
0.01782174901227005,0.185073986686112,3.68148051268758e-12,150534,0.000260637149730873,3052,280.93657307306097,0.6169733412673101,parteo12.csv
0.04197317372093266,0.16801930949145402,9.61373937498966e-07,299,0.0122133744949075,32,21.5476737050845,0.709286352942055,parteo120.csv
0.01769150657403254,0.18465929195015804,2.99512762949143e-12,166662,0.00025119773447685,3472,283.278494145779,0.6193345582334511,parteo13.csv
0.017950075377461527,0.18876830109223,2.27844403543706e-12,191045,0.000109975595166602,2804,787.425477570034,0.593883595314776,parteo14.csv
0.017814876026901173,0.18422580250467602,2.10588494969034e-12,199120,0.000152448352783878,3443,601.316498539617,0.618869664002097,parteo15.csv
0.01777933571186797,0.190984306035827,3.08190119239296e-12,164610,0.000102058730316241,2339,1101.97745772599,0.580404215163903,parteo16.csv
0.017902521690499055,0.193087436013662,2.16108386813254e-12,196341,7.95200681369298e-05,2489,1979.3887020195398,0.5665936681136651,parteo17.csv
0.017706240774731537,0.183239770793547,2.7724504762174905e-12,173227,0.000314741809380266,3888,220.977019808301,0.626432745429193,parteo18.csv
0.017916017365886168,0.18909400310194702,3.31470324047608e-12,158268,0.000283394701836577,3308,340.004541335377,0.5943505394843679,parteo19.csv
0.01776700031719015,0.19122507619904197,2.2758418393412596e-12,191358,5.950001438270971e-05,2246,1636.18847196022,0.5808295857621589,parteo2.csv
0.017805866808039108,0.18518167746604897,2.0928626107176e-12,199543,0.000254946933836429,4081,272.419969705734,0.616726388025597,parteo20.csv
0.03461112744993688,0.177793407368143,2.69080976972149e-07,563,0.0106330725289603,48,29.1643062306783,0.6745255425883001,parteo21.csv
0.04149129826356011,0.172590422040281,7.638917234568719e-07,342,0.0157553440306662,37,18.6506405491711,0.702273359051329,parteo22.csv
0.03515174535101464,0.179036294478824,3.07087187694734e-07,519,0.00546165525928974,33,61.3294134922499,0.651112702095561,parteo23.csv
0.03409311074955483,0.18099402964540803,2.9640716396621797e-07,536,0.005991869842766479,37,53.1829474387974,0.6468703754663281,parteo24.csv
0.048757478349316236,0.194599472311555,8.21109435585622e-07,332,0.0099065897685446,26,45.08079704532479,0.600985478589385,parteo25.csv
0.040036488231248196,0.17308398444577303,8.643716237449909e-07,317,0.0074202888980787205,26,46.4731332856482,0.67771969315696,parteo26.csv
0.05235298117201869,0.19407215466529998,8.471743715584121e-07,307,0.00814491103800893,22,52.9983202672431,0.5984573798722139,parteo27.csv
0.03318722250147727,0.168685411270302,2.9871293233965603e-07,528,0.0202985280930438,67,12.242996891063301,0.727950703590533,parteo28.csv
0.029958391302451325,0.155515432398051,2.44256015455479e-07,585,0.0155515268430461,78,10.3099334345135,0.7669954324743009,parteo29.csv
0.017765467293996536,0.1841979414974,2.78212433945392e-12,173279,0.00016583466585369,3062,388.770588994368,0.6203882004904139,parteo3.csv
0.03152772058432395,0.15020778019604197,2.8904787962815105e-07,537,0.0267258329057727,83,6.3973259543379495,0.791783115790005,parteo30.csv
0.0369237592106739,0.16001014413461098,4.81303910623366e-07,414,0.0125963452020594,44,21.9852716819502,0.734792784560556,parteo31.csv
0.04206424087785663,0.18505231375528,6.007648869499821e-07,354,0.0114542216503824,33,30.8097058343221,0.645955195309313,parteo32.csv
0.03654771943080982,0.17530324617791002,4.1892856744775e-07,446,0.0115978169944099,43,28.8293932730895,0.678426543688741,parteo33.csv
0.052654242212541974,0.195294218748728,9.57924660135491e-07,304,0.00554920555935591,20,90.37856784151371,0.578918733796995,parteo34.csv
0.03678361797908844,0.18602006279363398,4.6746084758383396e-07,434,0.0163028937919515,40,23.5527025960625,0.6551684662180911,parteo35.csv
0.03554311516753185,0.167301467412096,2.5121909661307996e-07,576,0.0053576951095945,42,54.45887780805489,0.687840668289145,parteo36.csv
0.040155413568263,0.16225317085835098,8.93896402209984e-07,315,0.0122216718870364,33,19.3716373127838,0.73346457294378,parteo37.csv
0.035961069031751045,0.17397484700566299,3.34367435788581e-07,502,0.00642474617024314,41,46.300992748857006,0.674505137584157,parteo38.csv
0.04111965494903893,0.199609746771193,2.7402683113481696e-07,537,0.00343664491249366,29,143.45086409049,0.544557585307333,parteo39.csv
0.017784624065884245,0.18942726328139498,3.40551936728546e-12,156558,6.108081699652121e-05,1814,1846.1778573236302,0.5878931789705261,parteo4.csv
0.03802379913134018,0.178950906645858,6.089783704960711e-07,379,0.00642791884449447,27,53.680316832473096,0.656080937933135,parteo40.csv
0.0464742204891809,0.191657353978693,6.123661168330339e-07,362,0.00996325242872981,27,44.3181689875011,0.610324837958015,parteo41.csv
0.038325521771751116,0.14581731910881301,9.811076152985042e-07,305,0.0298969998033075,50,6.41294503405392,0.8065560274985809,parteo42.csv
0.035173210228236045,0.15979495733048002,3.4396476304267504e-07,490,0.00959221477288737,48,23.6254384347715,0.7350646294409878,parteo43.csv
0.03691574891178291,0.19257936145639,2.4716134429852e-07,585,0.00552838820631586,35,58.142859298591006,0.6079619408221489,parteo44.csv
0.036598821550538285,0.181848472039068,2.83174758472509e-07,536,0.00899757892291695,43,39.701252351075,0.6488726501452429,parteo45.csv
0.03397413035187489,0.166909883069804,3.4009129596923297e-07,479,0.011677720369074,48,17.2675332403894,0.724729526823678,parteo46.csv
0.03906388051293324,0.189638307009955,4.2728348799524497e-07,429,0.0102702868573853,35,39.9462344800804,0.622448760476246,parteo47.csv
0.043580611523736004,0.174063142511033,5.325014727382201e-07,376,0.00852207932381488,30,34.4422426433244,0.684608282228326,parteo48.csv
0.036281541084897284,0.153669335990218,4.0971804278448294e-07,435,0.0163606396065435,47,13.550765543908598,0.763100604261968,parteo49.csv
0.017775992898323326,0.19440423300845802,2.54101973110336e-12,181093,4.14925489291543e-05,1726,4286.5787902988,0.5550401530823511,parteo5.csv
0.037313155173926985,0.17570885042812898,4.4445146125693796e-07,433,0.010543289779438,34,31.7977260997331,0.676730489813347,parteo50.csv
0.03546035781802235,0.186847849197908,3.0839253859872997e-07,518,0.0107240764016857,42,36.1712933418341,0.6331008176723391,parteo51.csv
0.058335557944703506,0.21996866130665801,6.05629605252058e-07,380,0.00369177740480376,19,174.87866606154302,0.442817912817589,parteo52.csv
0.034457000863000846,0.15703396145498802,4.0782017532756e-07,447,0.0198752459424764,66,9.82570839750193,0.7656870628775141,parteo53.csv
0.036824402567237464,0.15302192614756902,6.30749948385401e-07,352,0.0120410487117126,35,24.308671851451503,0.7460740835715799,parteo54.csv
0.04429819361425538,0.172210179372253,6.451399570800861e-07,333,0.00623171133924909,27,62.739900816830996,0.668166090728443,parteo55.csv
0.038088797143687333,0.183594602928338,3.8061804899312796e-07,475,0.00756880596678762,36,50.6824164748297,0.635204556946182,parteo56.csv
0.03622585248883435,0.171162552745222,3.4554523566002104e-07,488,0.00781561722608891,40,36.1177879369891,0.6882657253839789,parteo57.csv
0.03317704360764564,0.16384602279184698,3.7132880594204996e-07,468,0.0123084341172025,50,15.439772142926099,0.7379481673190992,parteo58.csv
0.04110730764814081,0.19276113884582502,4.3008203948548004e-07,458,0.009556224166930971,36,35.1202753223357,0.615586627953286,parteo59.csv
0.017722138841453607,0.18267117518729697,2.39295317004451e-12,186660,0.000282071255713935,4011,253.18614930480499,0.62734637226335,parteo6.csv
0.03563771336671371,0.165780527576444,3.78200101426544e-07,475,0.013886347322098999,55,16.9131066440397,0.727529619198296,parteo60.csv
0.04151599532407527,0.18774758501527303,4.2504471707115104e-07,449,0.00634758557207429,26,54.1041805382022,0.6228320836288609,parteo61.csv
0.04366603133901239,0.222094311118305,2.39359414155347e-07,590,0.0038784283351017295,26,136.96407477665701,0.442109685223058,parteo62.csv
0.04845916669188149,0.19469944124086802,8.369826190768721e-07,325,0.00515720204741983,17,98.6232764964775,0.5748554525434101,parteo63.csv
0.05857124354480174,0.23968340077707198,4.6304308639321797e-07,411,0.0025650200117763103,9,348.49312445754896,0.282784691596037,parteo64.csv
0.0406382165177493,0.182366615583441,4.5536544932397003e-07,437,0.0080860993552408,27,48.0090627034488,0.6414203282904339,parteo65.csv
0.04087671871420834,0.181431640503988,3.6941277916224603e-07,486,0.00929140973866609,37,34.7293194103841,0.658691129543102,parteo66.csv
0.04067607165338578,0.156603184341869,8.32909131542619e-07,308,0.0134198518137202,33,16.4611457991688,0.75566257974021,parteo67.csv
0.040203976426477175,0.18201480801800102,4.26941620685097e-07,431,0.011656058393818001,49,24.326521661280697,0.665278799862621,parteo68.csv
0.06256444046760196,0.23650445579624899,3.61116077030305e-07,471,0.0024076771074780603,14,344.664084056463,0.310404525785639,parteo69.csv
0.017801203858216576,0.181808645005272,2.7243997866998997e-12,174635,0.000313271056428458,4012,191.027220787187,0.6345163690927261,parteo7.csv
0.043993384972326105,0.17670659193621,8.777059698608579e-07,307,0.0089718422362293,26,36.7570282479373,0.671234850886948,parteo70.csv
0.03234703402328289,0.16529468060862398,2.3778480501220698e-07,596,0.0174398407795615,67,17.489569130823902,0.723071917070431,parteo71.csv
0.03494429831967738,0.16487700712786998,4.1311042913970707e-07,466,0.0195673656660243,61,12.165187285897998,0.7377146468646321,parteo72.csv
0.040885895314150406,0.177289150281042,6.20814359727907e-07,354,0.011521968631906,32,25.988614346747198,0.6761604029259899,parteo73.csv
0.038652363130926015,0.196391397675797,2.94035648706038e-07,539,0.00617543689197916,37,77.03523500218971,0.578679033705704,parteo74.csv
0.05193297961858908,0.204319512528387,7.395865655828149e-07,343,0.0041859092674509605,20,144.43022129469102,0.523425367789833,parteo75.csv
0.033316348731647474,0.158732979034846,3.6237676484283797e-07,467,0.0132718326897694,45,18.0751571128446,0.7462275391169971,parteo76.csv
0.04953647967451284,0.19505396047522,7.497926032414341e-07,330,0.0131972388335145,28,32.6582174460508,0.610592424601197,parteo77.csv
0.04798995602972666,0.21898284505444898,2.53541799027152e-07,579,0.00300358501631237,25,194.118797304606,0.44595874351246095,parteo78.csv
0.05927044062727195,0.22751676988775899,6.25063326222933e-07,372,0.00332338188955248,10,224.07096568204102,0.38608391376997797,parteo79.csv
0.01785682300559781,0.185110232984043,2.35323040918562e-12,187958,0.000173011616333129,3337,436.361056170851,0.614546767950644,parteo8.csv
0.03755897717456599,0.19219217122753401,3.10647268498911e-07,515,0.00807655858198407,36,55.9397517746509,0.6011671906440781,parteo80.csv
0.040375995221026514,0.16797166562331098,6.68875614431423e-07,350,0.0124544694567688,34,20.6890923207699,0.7136690127337191,parteo81.csv
0.033023598603861296,0.15115721613131602,3.2060442073166197e-07,516,0.0153260099536398,69,12.753697844178,0.7761496324977329,parteo82.csv
0.04386840376231289,0.215566064323534,3.5424497734696204e-07,490,0.0031061032493282198,15,195.352771463148,0.46252867164910494,parteo83.csv
0.0346811116957325,0.162260975360484,2.64099086373051e-07,583,0.0122724495186777,62,17.0558834043995,0.73963748933084,parteo84.csv
0.04208368751463894,0.166555509906426,9.014024446469792e-07,316,0.0179804496280775,39,14.799416876985,0.730148037874662,parteo85.csv
0.03455999922158109,0.16765224678777801,3.0016371656391895e-07,531,0.0171382265426876,58,15.3275290890312,0.7224377732034929,parteo86.csv
0.038968357213984006,0.16898931719775598,5.23582780259165e-07,401,0.0135559715358881,42,18.378389608687197,0.7150766467533309,parteo87.csv
0.03424797987018632,0.16814865280133198,2.77653795360339e-07,527,0.00838394497393037,40,29.9184380230269,0.707456342394616,parteo88.csv
0.03829969254507612,0.17281427967831797,2.6719040020097103e-07,567,0.00648773536889782,44,39.0655296804992,0.6863214949293821,parteo89.csv
0.018043633942996812,0.18964619087735698,3.5406815628855e-12,153270,0.00011797861987376999,2307,991.978436934272,0.5886815930069549,parteo9.csv
0.04538389969722092,0.193198475238622,6.120458296344729e-07,362,0.00589436961697755,23,70.9475366950463,0.597563062375183,parteo90.csv
0.040064748458454154,0.18776487756092702,5.66255477874806e-07,358,0.013374782808782,33,25.9184591753549,0.64367748792577,parteo91.csv
0.03302341895093053,0.17142359469434199,2.74844331259167e-07,550,0.00983824309422575,52,27.4819425146518,0.69634025512758,parteo92.csv
0.038387886847403206,0.183977532158311,3.16607306047914e-07,496,0.0108272050176828,41,33.0202622264247,0.64699497231311,parteo93.csv
0.039976883328108885,0.16113063729498,7.1446396773294e-07,357,0.0068524672498553,23,49.7373633628658,0.705478225274568,parteo94.csv
0.039938528650621585,0.168454799158251,7.995043174756579e-07,325,0.0198572858139675,43,13.532621269050699,0.7256167290609251,parteo95.csv
0.047601288460421116,0.235955304442055,3.2236682498631504e-07,506,0.00229307074961099,16,355.030275236818,0.314553131193139,parteo96.csv
0.03731273519991837,0.1835359664258,3.03602466933463e-07,514,0.00429004685647485,30,91.5479143063955,0.624682219016224,parteo97.csv
0.038727966621666186,0.184163862593207,4.7007799551066104e-07,422,0.00941991629507052,29,42.8959455271048,0.6405807895279829,parteo98.csv
0.032602052484348845,0.17792521709901102,2.2963527852403804e-07,592,0.007956497811283691,44,32.3269015026048,0.671777628745208,parteo99.csv
0.017343557368591667,0.000643409083629086,2.30111135022312e-12,190076,0.0835181867922142,70219,-1.2045630276936499,0.9999965423669201,uni1.csv
0.017343874195361188,0.00031959705710123197,3.1881033793865203e-12,161524,0.0833475440304453,59425,-1.1985939255083502,0.9999989852839059,uni10.csv
0.029054606635516168,0.0130780270646017,5.40461794595502e-07,392,0.0832308070676531,142,-1.16042831053136,0.998590459175241,uni100.csv
0.02928800228303361,0.0132619342122922,4.15296565759953e-07,439,0.0806795123240103,157,-1.11616347474317,0.998489265417972,uni101.csv
0.030593114519387458,0.00660413206358779,5.761115337336e-07,392,0.0823065586254258,134,-1.22438136032599,0.999576796915995,uni102.csv
0.027048738828118903,0.0077261860519646,3.87410851579278e-07,452,0.0852268624934749,162,-1.22864288022696,0.9994408918361279,uni103.csv
0.028663844390487487,0.00778142175422303,4.5891194483232097e-07,427,0.0775724793181496,158,-1.1769246479967799,0.9994282180121771,uni104.csv
0.03399470061634347,0.0118875971781514,8.4025761356426e-07,315,0.0818532387869442,113,-1.15008571862834,0.9988377105243359,uni105.csv
0.027414708863080818,0.0051537367396099,3.8775273055694e-07,471,0.0882454077386525,172,-1.2116315880863502,0.999748639967854,uni106.csv
0.02861722059468485,0.0118363680861411,4.55447758190147e-07,415,0.0870989497152614,152,-1.28708947123242,0.998859934024508,uni107.csv
0.033961789275934476,0.0136592257962601,9.252464523825029e-07,308,0.0784022965466724,110,-1.10426041408983,0.998348892623655,uni108.csv
0.026291552907786026,0.00450750389860995,2.97464965315362e-07,515,0.0841509868762818,195,-1.18338088803032,0.9998193562020391,uni109.csv
0.017338825971632894,0.000409949804798362,2.59287839722121e-12,179528,0.0831780850432279,66104,-1.19801731641369,0.9999985160894,uni11.csv
0.027540005154196936,0.00591383408472469,2.37422345944343e-07,579,0.0814398587793787,222,-1.14890967879364,0.999654874280231,uni110.csv
0.03366969837546305,0.00701481012615134,8.947365894683251e-07,301,0.0860012343001305,112,-1.1677177126018201,0.9995543799851991,uni111.csv
0.02974332698749603,0.0107289099551984,4.70325664975237e-07,423,0.0918880563223239,161,-1.31831021920472,0.999094531519376,uni112.csv
0.026296333512069163,0.0124993405673152,2.8786789620893395e-07,532,0.0863941450207612,196,-1.25513952250173,0.99860812017602,uni113.csv
0.028181991219833957,0.0180102831630649,4.43774105396622e-07,433,0.0825691330884463,159,-1.0942953294906401,0.997561863120369,uni114.csv
0.031061899744631947,0.0108177192448877,4.7200547164917795e-07,413,0.0912972253445244,153,-1.30346715337736,0.9989901813422571,uni115.csv
0.025056103764384254,0.00756535520755635,2.3164675686873602e-07,594,0.0851064818469744,225,-1.23678935182035,0.9995211084846229,uni116.csv
0.02704771529050654,0.0113040962971621,4.0428137495916796e-07,461,0.0822385558288579,160,-1.17051980595777,0.9989610905615258,uni117.csv
0.025661871981956862,0.00590836443454662,2.46187882717753e-07,577,0.0844103266834116,201,-1.21097570992272,0.999686770557025,uni118.csv
0.03017826543473497,0.00992113150441723,4.6821024079249404e-07,432,0.0811645160237561,161,-1.16839591550447,0.9992158683654201,uni119.csv
0.017348050355614274,0.000357679550694198,2.8903250798035802e-12,169836,0.08323298366588401,62593,-1.20021810039929,0.9999989188582941,uni12.csv
0.028523190711126387,0.00798680116920881,4.41211337586016e-07,435,0.08432947606018801,158,-1.19035142518827,0.999417367298274,uni120.csv
0.01734025503913605,0.00048754754009865304,3.05051838479806e-12,165475,0.0831057250048683,61012,-1.19907424744025,0.999997858551265,uni13.csv
0.0173322559364269,0.00043347815131914704,2.85406247148755e-12,171016,0.0832435199379778,62978,-1.19798473425176,0.999998113093835,uni14.csv
0.01734532725698291,0.000287847056003521,3.00406237428698e-12,166287,0.0831336072520307,61344,-1.20031806065559,0.99999921516471,uni15.csv
0.017333975652376158,0.00036031580927946,2.72616237766348e-12,174895,0.0834636220145673,64435,-1.20157808763101,0.9999987634712142,uni16.csv
0.01734261878206058,0.00049919442399566,3.53199343344892e-12,153581,0.0833271804052168,56503,-1.20134340592611,0.999997722773933,uni17.csv
0.01734865201367757,0.000628945281974165,2.8760542118082598e-12,170093,0.0831997301265022,62465,-1.19824346872086,0.9999964139946279,uni18.csv
0.017335732764611506,0.00044116432838094697,2.2183477849176e-12,193927,0.0835183994195065,71200,-1.2031182360864199,0.9999981208810501,uni19.csv
0.01734597164569709,0.000558025341103139,2.12461858650687e-12,198289,0.0837464289140241,73016,-1.2056913858886398,0.9999972479403331,uni2.csv
0.01733715114639695,0.000353410721699038,3.61137022969467e-12,151916,0.0833161866359976,55959,-1.20124709422804,0.999998807065879,uni20.csv
0.03414671449269531,0.00740642411326832,6.675010967318871e-07,359,0.0823408547185884,121,-1.2192034662326798,0.999493702916085,uni21.csv
0.02724213541756116,0.00516247458539041,3.32772989723111e-07,513,0.0843126296326559,187,-1.20066068074241,0.9997461128809699,uni22.csv
0.025647020918894117,0.00723263739049213,2.8237283866676896e-07,539,0.0854634983068714,198,-1.21084627309323,0.9995467534508491,uni23.csv
0.0256591703884073,0.00760384934477815,2.5894156774643395e-07,569,0.07824663308545798,202,-1.15735812848623,0.9994333537490259,uni24.csv
0.028267933316202636,0.00769517884312482,5.09564458331632e-07,415,0.083941928023899,159,-1.22353434126736,0.999451423493473,uni25.csv
0.035295542124372165,0.0114147945259419,8.831436541467491e-07,306,0.0807238188639323,123,-1.1907457244458302,0.998743370603728,uni26.csv
0.025944879541944625,0.00642004035901824,2.42068389416187e-07,574,0.0801313194831947,210,-1.18625405970724,0.9995872499025391,uni27.csv
0.02721002163992929,0.0062885997209378,2.65437546691817e-07,549,0.0873320610571939,206,-1.24388043278347,0.9996503399577809,uni28.csv
0.03128871368614724,0.008862675497294609,5.20515569703372e-07,375,0.0828957341340433,137,-1.14277050344858,0.9992550648171971,uni29.csv
0.017337841695397007,0.000407816509383344,3.1453592960923796e-12,162603,0.0833769730936287,59913,-1.1984284697576002,0.999998652967335,uni3.csv
0.02554060590775876,0.0086018276817995,2.85638128525424e-07,548,0.0825767014760807,203,-1.1533915386058702,0.999251226901872,uni30.csv
0.02474661555085118,0.00813119270749218,2.27428481581288e-07,595,0.0823555425948417,215,-1.15402348779908,0.9994538465583142,uni31.csv
0.027565828770061772,0.008792673862011541,2.54374505482103e-07,552,0.08288755285433999,204,-1.16961890692946,0.9993799319593671,uni32.csv
0.02959121946370705,0.009319668556119109,6.03317851105857e-07,366,0.0807169096152163,135,-1.18431235915801,0.9991337243340731,uni33.csv
0.027748376508592576,0.009915244884082129,5.30909910107983e-07,386,0.0947148313931271,141,-1.3081395660113602,0.9990345022669741,uni34.csv
0.026440989489810912,0.0106500885507983,3.9324697683036704e-07,456,0.0892960168820251,178,-1.29645379743015,0.9989389869545809,uni35.csv
0.025831435066398335,0.009946070055815909,3.39827039628281e-07,497,0.0831829480162372,174,-1.22783072274926,0.9991509785325869,uni36.csv
0.026518496556307766,0.009100475297531259,2.15746069423978e-07,597,0.0864648171551949,217,-1.2826859075586499,0.9992758043467499,uni37.csv
0.026401523534422017,0.007724610761826991,2.66303514667594e-07,573,0.0836443267047285,218,-1.1862910868838301,0.999506107024746,uni38.csv
0.03467597182764508,0.00677648640392771,7.195464407186479e-07,338,0.0836960360597961,117,-1.2195411863580201,0.999597449758761,uni39.csv
0.017334369874066793,0.000339339835884858,2.94598613918354e-12,168163,0.0835285361638126,61859,-1.19949995107024,0.9999989076364209,uni4.csv
0.026076550425850213,0.0144342704894273,2.9374424014014696e-07,525,0.0828706192154318,197,-1.1905146907995101,0.9983079313447091,uni40.csv
0.026792515204266867,0.00791523449420401,2.8536453510900604e-07,544,0.081924630433783,199,-1.1463883056764799,0.999462331167097,uni41.csv
0.02743667548020809,0.00873313100786261,2.56533199706947e-07,544,0.0766351481400242,203,-1.15258456510731,0.999244156993605,uni42.csv
0.032566811820373645,0.0128565062267918,7.564799443185891e-07,333,0.0874708573669854,130,-1.29907808898862,0.9986842332431569,uni43.csv
0.026726600097752223,0.00897176177037982,6.162606711346479e-07,364,0.0859175065612542,137,-1.29091381916411,0.9992262652889959,uni44.csv
0.029746723667785243,0.0109505550709361,4.70020744585019e-07,418,0.0790264611220875,155,-1.13294512207019,0.99893116930496,uni45.csv
0.0303221780825723,0.0115515346741389,7.165611800647351e-07,364,0.079760986207673,137,-1.14777313937958,0.998598926278899,uni46.csv
0.02707958621116847,0.00816839006098847,2.9019045632758496e-07,517,0.0848158676860206,198,-1.2360323015936898,0.999402983830479,uni47.csv
0.02642090682801763,0.00922524311701225,3.14840835656601e-07,522,0.0827552862099089,178,-1.1234013816258601,0.9992240048389051,uni48.csv
0.027129362330338077,0.00887126206908593,4.4807382278335704e-07,441,0.0864490981438755,159,-1.22952242353569,0.99932690189565,uni49.csv
0.017335328453454757,0.0007277195041773389,3.6742745636104e-12,150410,0.0837119999941838,55513,-1.2064826779376499,0.999994351900225,uni5.csv
0.029822776802949782,0.00944624900484385,6.075739153585979e-07,376,0.0884864210663223,132,-1.29593730976148,0.9990528854413431,uni50.csv
0.03077321844920895,0.0122410687324125,6.15336218125119e-07,370,0.0832192616076898,138,-1.1978730591067899,0.998691567135453,uni51.csv
0.03294827777129282,0.00768168103505808,9.11439721830439e-07,302,0.0815596785397711,119,-1.1595046089311298,0.9995018796796801,uni52.csv
0.025372240516076314,0.00948115834521859,2.39869487264586e-07,586,0.0831135889948622,223,-1.1740116792244,0.9991913464187271,uni53.csv
0.030425465469659733,0.009382834964894459,8.07618831145065e-07,327,0.0862277975437116,124,-1.27386691747716,0.9992303641680351,uni54.csv
0.03331724264724062,0.0141754232814517,8.22419630837707e-07,311,0.0817635701318664,116,-1.2371870562496399,0.99811662010497,uni55.csv
0.026394229469936043,0.0072957573936516095,3.0818803947679896e-07,506,0.08246928842864501,187,-1.1839583340903501,0.99954579237893,uni56.csv
0.028869365283385275,0.0075949321421289,4.65731655111034e-07,418,0.0834611704642604,147,-1.1705104097494499,0.999406594831301,uni57.csv
0.027409657975087293,0.009580964902295491,3.36624930745645e-07,483,0.0817196728909685,165,-1.13353680573035,0.999148559913456,uni58.csv
0.032666556612570986,0.0133035869681493,7.2901996062084e-07,344,0.0829431708865397,125,-1.14024622821493,0.998390313678755,uni59.csv
0.01733521080155797,0.000472423754904355,3.3641629118022204e-12,157335,0.083504664501304,58030,-1.2030180244147899,0.999997643146503,uni6.csv
0.02587423793773098,0.00758417025332315,2.43710218609416e-07,573,0.0826229119785588,224,-1.19332816709124,0.9995416978388441,uni60.csv
0.026557852768400905,0.0045013979512883,3.45127106636522e-07,477,0.0841230623288552,173,-1.21614178420921,0.999805640955368,uni61.csv
0.02987381040229369,0.0114542271841246,5.756686973000461e-07,371,0.0843221819070857,134,-1.23249296257266,0.9989352467451851,uni62.csv
0.025622525306077497,0.0095381242129417,2.4821668897431197e-07,588,0.0812857646002867,219,-1.16268090519503,0.999232337531272,uni63.csv
0.027807929560494698,0.007900205641936909,5.54509621939043e-07,394,0.0856197752423625,145,-1.2334418546246002,0.9994240298962759,uni64.csv
0.02666220018526146,0.0110342757153983,4.91604001583732e-07,425,0.0871616638644075,154,-1.22048355399538,0.998837689752668,uni65.csv
0.026291778731559395,0.00811727919771316,3.9927813504269297e-07,457,0.0852306115090803,164,-1.2344431889698,0.999375176505116,uni66.csv
0.0267552051254655,0.0153667717415514,2.6395074871174695e-07,552,0.0811011828360766,209,-1.15595149481427,0.998137568316436,uni67.csv
0.026458389607607644,0.009186115402109521,3.21351749325754e-07,502,0.080996796617916,184,-1.17027474207935,0.999165030611984,uni68.csv
0.026376506107590385,0.00948740273991735,3.5362859426508797e-07,488,0.0799403387911874,181,-1.1354426416716699,0.999278466060859,uni69.csv
0.017333665306277456,0.000769510912282563,3.07947732244493e-12,164655,0.0840083876081033,60509,-1.20912883323919,0.9999948735979101,uni7.csv
0.02880502427400511,0.007486131802447221,5.68940648219574e-07,384,0.0818254599490191,139,-1.2030711798380802,0.9994631605001859,uni70.csv
0.02467939911943214,0.0104391624995319,2.3156406598145103e-07,590,0.0820673926683651,213,-1.17352654897072,0.9990452870652141,uni71.csv
0.026079571046170157,0.0113665974843937,2.3513082834632898e-07,586,0.0815465715857609,218,-1.19188587245874,0.9988400819615771,uni72.csv
0.028413927636377012,0.00647637748832105,3.2982894780421e-07,497,0.0841767772193592,179,-1.24418161388698,0.999618417921002,uni73.csv
0.02780880231233591,0.00739910488623364,6.00901068294985e-07,384,0.0841592417082135,136,-1.16754109364495,0.99947410714393,uni74.csv
0.02703609575723145,0.00782233696208717,2.51010729209596e-07,583,0.0845589667272281,212,-1.22030499036147,0.99949434207493,uni75.csv
0.02782909211743738,0.004129350568444479,3.0018390194647604e-07,530,0.0836595601177386,208,-1.19399577894881,0.9998487268034499,uni76.csv
0.02540372693590768,0.0128039022727899,2.66303884804822e-07,560,0.0763812019635016,212,-1.08398829740738,0.998652541994078,uni77.csv
0.02790557995373884,0.0087555586608355,3.8844538563551003e-07,460,0.0871947486184106,171,-1.2617458818860001,0.999321106193754,uni78.csv
0.03314717508089115,0.00896730127199203,9.722936470059e-07,299,0.080981575978837,108,-1.20082385166161,0.9993006133046651,uni79.csv
0.017338653451221934,0.00044838739518110704,2.7443785066160797e-12,174202,0.0832689159142911,64243,-1.1954935580063402,0.9999977504585749,uni8.csv
0.032949905077646585,0.0103209628735198,8.990314043947599e-07,302,0.0788441469998707,116,-1.15677956619969,0.9989325866516741,uni80.csv
0.024675852613683324,0.00528219549210689,2.59683230197399e-07,583,0.0800880775688735,223,-1.1761222221151102,0.999759513992107,uni81.csv
0.029883338739155052,0.00702926536439875,4.88253283354115e-07,398,0.0846947577420803,150,-1.2012683905123798,0.9995687973750641,uni82.csv
0.025434367330002098,0.0108189037524687,2.6813887638389896e-07,540,0.0830671314044147,198,-1.18065747774896,0.99897172173054,uni83.csv
0.029188162560953246,0.0115078641858362,8.949763495761681e-07,310,0.0875667457958023,117,-1.3029439495994901,0.9989522650998679,uni84.csv
0.029578861023090337,0.0093453910085574,3.85777605653689e-07,462,0.0775478449880577,176,-1.09806992708752,0.999119941310041,uni85.csv
0.032182763095635405,0.0104442700445015,9.843949046134871e-07,303,0.080421690379304,117,-1.26145666699093,0.999062406792534,uni86.csv
0.02679342968465168,0.0113816019704974,5.551894686662579e-07,396,0.0870186066884208,143,-1.2186964931678201,0.998986258473155,uni87.csv
0.02890150970280814,0.00773767413883468,5.22769515198425e-07,404,0.0886565121460444,156,-1.2837184751502,0.999463189172333,uni88.csv
0.027004033806553293,0.00939093275850183,2.47014218015806e-07,588,0.0819902663780151,220,-1.2013234756263602,0.9992799855954909,uni89.csv
0.017354188720985653,0.00040463919361391,3.10596171459406e-12,164039,0.0835378363325615,60264,-1.20011378764013,0.9999980984197719,uni9.csv
0.02808053471091331,0.00925964640161865,5.02411485292311e-07,402,0.0854168933240589,144,-1.24887682009924,0.999241447011438,uni90.csv
0.026460537505640622,0.0087584030332645,3.11763740602282e-07,519,0.0887645322352321,190,-1.2849536240752,0.9991325928089849,uni91.csv
0.03097900009295295,0.0173165794429431,8.764575056769209e-07,303,0.0907172452012525,111,-1.35705229991973,0.997613286258139,uni92.csv
0.024824606021639134,0.0108435397171641,2.47747635342371e-07,583,0.0873091907695593,219,-1.2107492799798798,0.999091746074583,uni93.csv
0.027288295217352033,0.00790262147497623,3.17578037345438e-07,513,0.0831400945989989,190,-1.12919318543326,0.9994010212555949,uni94.csv
0.028182957123298973,0.0125363233301502,5.01156831336309e-07,404,0.0802921918426017,150,-1.19126252311013,0.9985834235334091,uni95.csv
0.029848448760896207,0.0100292040843665,4.0392900856984294e-07,459,0.0762871229362854,165,-1.15744711385195,0.9991202213302809,uni96.csv
0.025869611792927506,0.008593022191739859,2.56157678155502e-07,571,0.0825396714202082,207,-1.18920335803168,0.999435592231787,uni97.csv
0.0260155180397401,0.0172813370393678,3.1399089135844e-07,526,0.0845466983066603,202,-1.1765486027998702,0.997378004598757,uni98.csv
0.02651826562129092,0.00934673571985485,4.0219604134005104e-07,455,0.0908997349748568,171,-1.28544993763417,0.9992288963442859,uni99.csv
0.017488802224138764,0.060992768997503,2.15032527398266e-12,197030,0.00993284744026957,22805,0.9682427469547858,0.9582464158769549,wald1.csv
0.017507340924845623,0.0619514954817402,2.5940868230922203e-12,179007,0.00926558477669371,19855,1.09298995052698,0.956891509550359,wald10.csv
0.03777900280310524,0.0630586099996875,5.047117800403551e-07,406,0.0232982249727093,80,1.59218649194178,0.9507865065707791,wald100.csv
0.031152699205856012,0.0725081541700087,2.7196551506192997e-07,554,0.0220783258708851,103,1.69173234737128,0.942217033632817,wald101.csv
0.0349521201224358,0.0643715406943652,5.554774369211839e-07,400,0.0280996596864418,93,0.714789707217616,0.9568597676086321,wald102.csv
0.03602030410821175,0.0573584481863307,6.690591928990811e-07,344,0.0218304070665341,63,1.37839769376679,0.957012217635999,wald103.csv
0.03240270098593228,0.0682135350331247,3.1392823832990003e-07,505,0.0209642870185127,80,1.92412987452953,0.946138979909772,wald104.csv
0.03361288524793739,0.0616501729756667,5.36413440421618e-07,398,0.0204080528906907,71,1.34394127421747,0.955393526597583,wald105.csv
0.03528971330050079,0.0487258607637783,6.505506956905421e-07,363,0.029210398321171997,82,0.142902827897309,0.9715916272508008,wald106.csv
0.030221883759268722,0.0745658151581884,2.21921928872833e-07,596,0.0176149122683244,97,2.3032179079712902,0.9377995689361059,wald107.csv
0.030330423968401476,0.0663107742792871,2.3868286532055304e-07,584,0.0220594871875121,121,1.5499865220103899,0.9484158854757521,wald108.csv
0.03154654076438867,0.0522995269331662,2.69580071853528e-07,560,0.0186655679210288,108,1.00472029458565,0.965442541738338,wald109.csv
0.017490097310572016,0.0612198900232273,2.8440364786994502e-12,171106,0.0108846863325802,21103,0.9814647538932499,0.95794897811598,wald11.csv
0.031515187087477387,0.0645299049036468,5.12606095981409e-07,408,0.0335478008910237,92,0.56439547965149,0.9585555340099621,wald110.csv
0.034591943794363735,0.0562088634557865,5.457817174254021e-07,402,0.0320177508842064,96,0.418959925824698,0.964095094278087,wald111.csv
0.03295531433671264,0.0703620235167437,3.04367744205205e-07,534,0.0215082972736576,95,2.1657914305373898,0.942069945714081,wald112.csv
0.029678959835420803,0.0647335818090713,3.04350214427047e-07,523,0.0286857469937426,110,0.311702108440067,0.961352283495522,wald113.csv
0.030488327093500318,0.0520365124802839,3.3256988789086e-07,508,0.0262367315312407,104,0.328084830413649,0.968649142668777,wald114.csv
0.029201776157142985,0.0622525596289503,2.55592337319067e-07,560,0.028427731782349,122,0.572598051609205,0.959675109960307,wald115.csv
0.035756041578319214,0.0764916601824955,6.35772569566908e-07,351,0.0256934653812851,76,1.51174518719419,0.940324340024305,wald116.csv
0.033807425067626996,0.0664396462357204,5.61775802732027e-07,388,0.0284524969989373,89,1.08056179448786,0.953103166476063,wald117.csv
0.038444817544230785,0.0620720918008917,7.70752606209035e-07,327,0.024972364130538997,67,1.0018354363957,0.955684350131508,wald118.csv
0.04214546368265129,0.0528357403199309,8.02727006189695e-07,323,0.0296535660229565,76,0.684602996394337,0.964646459947009,wald119.csv
0.01751709834488282,0.0612903985514868,2.3864539030367303e-12,186711,0.008382230960119941,19411,1.03157966285635,0.9577170301771,wald12.csv
0.037899754754104925,0.0660111070721061,6.412582552737989e-07,365,0.0292268707647051,82,0.9936223129282991,0.9531059815699509,wald120.csv
0.017462405481563057,0.0600197265598826,2.8910850746367303e-12,169596,0.00923437730907814,18877,0.934568116066265,0.9593341532038749,wald13.csv
0.017484448922006037,0.0608809623942262,2.14065256382376e-12,197034,0.007847949834881891,19729,0.9736493108854091,0.958281483506081,wald14.csv
0.017469727733216967,0.0612217740081972,2.22537573004895e-12,193722,0.0119121075289798,25560,0.967152010214036,0.958067718157275,wald15.csv
0.017467553482223792,0.0609940821082825,2.3702511224321004e-12,187753,0.0106845204168918,22973,0.9743140644975509,0.958232291407582,wald16.csv
0.017483102639917494,0.0611763942905666,2.27219682000293e-12,191321,0.00806104306951345,19367,1.03807124364463,0.9577353573342241,wald17.csv
0.017483706912173862,0.0608276899067355,3.1364510504596e-12,162886,0.00864855646612527,17309,0.9317342533598109,0.958692448002712,wald18.csv
0.017468757794580434,0.0611501951063343,3.5383559990084504e-12,153672,0.0124159153736601,20789,0.9316974053073521,0.958384340646784,wald19.csv
0.017478733716626536,0.0608561465708601,2.6042233592416e-12,178910,0.00900406540547324,19367,0.9994060039272908,0.9581312617523501,wald2.csv
0.017484784466897666,0.0615157203869572,2.63642041690629e-12,177786,0.008876125887273559,19241,1.0292776752858899,0.9575007984236129,wald20.csv
0.03580366410660867,0.0598366531170062,6.931899457487411e-07,350,0.0331620833524867,85,0.506137476070952,0.960273329783069,wald21.csv
0.028666567578781478,0.0445471700991686,2.5335088350037196e-07,596,0.0367172318263794,165,-0.0524555173010826,0.975754589686547,wald22.csv
0.031560339033545645,0.0500734305819889,2.82195680552841e-07,543,0.0241708514186383,117,0.431506972881677,0.969651050513057,wald23.csv
0.03866002804977719,0.0416422431983361,9.23079365480591e-07,304,0.041398031361225995,83,-0.193141195116353,0.97906281291527,wald24.csv
0.037292732986548685,0.0555179189391462,7.428087667191571e-07,325,0.0335719028507528,81,0.277292838851789,0.966957037925518,wald25.csv
0.030887038816602506,0.0571603531696719,2.53048348389338e-07,570,0.0324791409977278,134,0.63316829978627,0.9615255604467929,wald26.csv
0.03483567462306437,0.0581778152742432,4.3819920063156206e-07,452,0.022537709579707993,95,0.821069455223736,0.962252627836221,wald27.csv
0.03492036808779717,0.0555158330409695,5.768720229775851e-07,364,0.0343681549337906,87,0.47491270557687393,0.965107929254615,wald28.csv
0.034548142135776866,0.0644425204997535,5.51806853467908e-07,398,0.0298966062278086,83,0.765465296885636,0.9562020014221271,wald29.csv
0.017463705634141694,0.061012574574363,2.31171648732888e-12,189808,0.00815760622464242,19292,0.954167370653386,0.958407991485176,wald3.csv
0.0362623259298177,0.0638084660394626,5.788169886946771e-07,378,0.0277729852753977,88,0.5358453436294051,0.9604182836780909,wald30.csv
0.03422314594213,0.05144028761565,6.040962508145411e-07,373,0.0277580728888725,88,0.243872023829309,0.970648407434135,wald31.csv
0.028368706049547665,0.0616793636895943,2.58102758614553e-07,583,0.0334045158057309,152,0.498858424091409,0.9605056876949359,wald32.csv
0.033884269756745626,0.0597497230498192,5.10331918821954e-07,389,0.0319686294799974,90,0.72703023138563,0.9601574804180341,wald33.csv
0.03000869919782028,0.06106217987843499,3.05467491846798e-07,522,0.0271042780519978,109,0.564288388405399,0.9609869937758639,wald34.csv
0.03458509363436377,0.0609205824290152,4.6803726965635603e-07,414,0.026470211675755,88,0.965327016133402,0.9580805634471941,wald35.csv
0.02989927660814144,0.0623326013324145,2.58912436407007e-07,556,0.0260296621766536,122,1.01650828567299,0.9549827430785179,wald36.csv
0.030740825969772085,0.0653975066645506,2.80560645103149e-07,560,0.0246882373829795,113,1.03758387259486,0.953182853997886,wald37.csv
0.030136726395791506,0.0587764965277085,3.00712120995997e-07,517,0.0232564903952776,108,0.759429153635062,0.961210483819158,wald38.csv
0.03158731776077785,0.0546740792855925,2.8432725063530603e-07,537,0.0248405155116624,111,0.8587638297045942,0.9629412583655471,wald39.csv
0.017493605684080586,0.0613025629421638,2.0856531586481e-12,199902,0.0101869268373151,23750,1.00548620130728,0.957736802469294,wald4.csv
0.030262380526077475,0.0592180630726847,2.5994625431178103e-07,573,0.0212689114174007,97,0.905487507228107,0.9606517105803659,wald40.csv
0.02950620021454803,0.0553506659179693,2.3484477833497702e-07,589,0.032523631463395,138,0.31632295790757203,0.9674921294900909,wald41.csv
0.03064877580688518,0.0742778849614192,2.8999714650086196e-07,534,0.0181291923813708,92,2.70268654119783,0.935291147756172,wald42.csv
0.03730615682405225,0.0778132956886946,8.08571154043198e-07,315,0.0285317564213799,64,2.05236493642804,0.934868200206282,wald43.csv
0.035232554743405115,0.067015444604985,4.736350673301021e-07,426,0.0250119264049582,93,1.4328071699250702,0.947713028508703,wald44.csv
0.03120133816425647,0.0630900918420267,2.5659054044862597e-07,569,0.0222715334949058,115,1.1789925693049599,0.9544875237538131,wald45.csv
0.03230580898269265,0.0551751094599017,3.5385145267262297e-07,485,0.0231754347510736,101,0.9607168040333309,0.961782540724158,wald46.csv
0.036035700165792606,0.0546401334724583,7.542556892127359e-07,330,0.0385740206530197,89,0.425201323624794,0.9649281641583991,wald47.csv
0.02990424886899249,0.0618125252183079,2.2547818453751997e-07,588,0.0219684425380843,103,1.59860039947994,0.9508508400787871,wald48.csv
0.029994086393695964,0.0488173064492738,2.55650524119325e-07,575,0.0274219311172498,124,0.15824476999568302,0.9719440574638921,wald49.csv
0.017489437967925323,0.0610537976846403,2.4510351629294e-12,184592,0.009509924765626671,20853,0.9593765064039351,0.958245482823752,wald5.csv
0.03157067601742474,0.0669165883727009,2.7611104206632106e-07,550,0.0274305856842761,124,1.1844992364383,0.950499237772385,wald50.csv
0.034350080243849605,0.0587083128638175,4.11011948042261e-07,469,0.0244465604936871,96,1.1169828174771101,0.9580849155928929,wald51.csv
0.031527179652427746,0.049065450689231,4.91118156641316e-07,411,0.0314955758208532,95,0.10504148561414098,0.9727711369554479,wald52.csv
0.03744426292517451,0.0652144535561088,8.226337363517259e-07,333,0.0281382063064523,73,0.8607991668530258,0.9545093385851979,wald53.csv
0.03030238085288366,0.0570556717281045,2.88741466437868e-07,535,0.0226074163542871,116,0.446705596578989,0.96578234178789,wald54.csv
0.0358544731457335,0.0449850356001575,5.83673906261285e-07,375,0.0335813795039608,100,-0.243954924107595,0.9792263199061608,wald55.csv
0.03213496004082343,0.0575902573552842,3.8067192848984105e-07,461,0.0309872279225022,111,0.732308653256716,0.96186431193351,wald56.csv
0.031079313147576004,0.0673877289037501,2.3900427669140394e-07,577,0.0227525876023061,115,1.1290912532843798,0.95144243618478,wald57.csv
0.03631265757972288,0.0540585150940467,8.767663684084879e-07,305,0.0220541293056677,56,1.21589542539054,0.9617210145739241,wald58.csv
0.030514598349072015,0.0670939999238812,3.8311026593028395e-07,449,0.0322155055798208,109,0.6695990450736229,0.955659455437613,wald59.csv
0.017493264857804395,0.0613140357384331,3.16828241798891e-12,162116,0.0104198921870207,19429,0.9955389998678771,0.957814933473105,wald6.csv
0.0406630462573751,0.0593314634112297,8.11725744794273e-07,325,0.0222729516367464,68,1.4556146853771899,0.95595932151566,wald60.csv
0.03260986783091812,0.0665775630118416,3.01958468974541e-07,528,0.0235390703309332,116,1.3408095554599901,0.950468340490057,wald61.csv
0.036023820455979655,0.0742097931987843,7.6769079224903e-07,339,0.0142653985721011,48,4.75549860985134,0.931185622162909,wald62.csv
0.03668637639458949,0.063024953082394,7.358047742313991e-07,339,0.0327510884781501,86,0.591594548099501,0.958897141541753,wald63.csv
0.030731344240579574,0.0695393799686827,3.5559866860071896e-07,482,0.0268045502139486,97,1.50201036926208,0.945554478397986,wald64.csv
0.03604797585520204,0.0602050979693703,7.08523425468633e-07,348,0.0338863472863547,82,0.131777610278178,0.9648434079029141,wald65.csv
0.03549705629822773,0.0529752614543126,6.481497955819979e-07,368,0.0283476524097782,90,0.6899841239758511,0.9646508396067249,wald66.csv
0.030335281470136928,0.0751414608103818,2.40442251082335e-07,596,0.0194659384104722,90,1.68178489205495,0.939749775929455,wald67.csv
0.03126670982778147,0.0703681252548459,2.84370255314576e-07,520,0.0340911951534375,126,1.1314490708792901,0.9476888292466441,wald68.csv
0.032219283220975975,0.0661696222233756,3.5651705011217105e-07,493,0.0260423458139627,115,0.9955923196638209,0.95408731423869,wald69.csv
0.017488630459459756,0.0614244065351861,3.04560076899412e-12,165387,0.0108245562596676,20296,0.990572268056271,0.9576899410530441,wald7.csv
0.037310953352719105,0.0815115401531899,7.49254724216187e-07,341,0.0273719118304087,73,1.87031531189284,0.932798030944465,wald70.csv
0.03257973698016428,0.0740419239583249,4.89360385734643e-07,427,0.0237465089852774,85,1.06001308787688,0.9474478876725791,wald71.csv
0.028904911567334428,0.0562417308439108,2.34046928998331e-07,584,0.0189385899998753,96,1.2115829783434198,0.960968767550756,wald72.csv
0.0359290577001855,0.0665717107100283,6.633527620421461e-07,342,0.0341437981800012,80,0.7553610898060821,0.954167868493292,wald73.csv
0.03266568651712946,0.0706572210842523,3.97314056689261e-07,452,0.0250020386087571,86,1.3757996603563,0.944118194801008,wald74.csv
0.03661921259815093,0.0535489716013636,7.676032751259391e-07,332,0.0263882245036647,63,0.665890801293531,0.963846696575754,wald75.csv
0.02870527725462969,0.0530363828941872,2.3373707017743102e-07,596,0.0277343809235171,137,0.314613429979544,0.9683100726156741,wald76.csv
0.03488858802913133,0.0667301609765794,5.5210355611297e-07,391,0.0333431184349457,98,1.02696418000051,0.951750340101154,wald77.csv
0.028991778647952913,0.0623121588032663,2.82952737402384e-07,547,0.0268589093727338,115,0.6345774464881321,0.9599182490877509,wald78.csv
0.030220076613858164,0.0636441787809644,2.48036271665731e-07,579,0.0264480772183247,120,1.00109971395996,0.9544933544439108,wald79.csv
0.017506207410998474,0.0614589770099052,2.2786924016174903e-12,191552,0.00871645872117319,20559,1.07044740658833,0.9574242809831941,wald8.csv
0.0321047946046931,0.0618278705818693,4.1372068255205204e-07,451,0.0319027685003863,111,0.271371196470537,0.9638937352020469,wald80.csv
0.031464808982021454,0.0602889704587869,3.60718717470113e-07,475,0.0283404413039377,112,0.294807996566297,0.965732050806147,wald81.csv
0.03512025828575738,0.0586901702223677,5.267813777700289e-07,389,0.0194642210271973,61,2.19991595434955,0.950823388567967,wald82.csv
0.03897428753852972,0.0510493102929234,6.75659267614849e-07,359,0.0240440479624729,78,0.61081660381977,0.9665977989023109,wald83.csv
0.03920520587317703,0.0489912173848043,9.016564625313559e-07,300,0.0357029525230081,82,0.223648765860183,0.970896543523027,wald84.csv
0.029791842434090946,0.0470974174009141,2.44752269216967e-07,595,0.0229378476082247,120,0.199938291692346,0.9740144644147751,wald85.csv
0.03623331261567094,0.0504664732443115,6.594888675763951e-07,348,0.0352864264917003,102,-0.161578745608092,0.9743730452065541,wald86.csv
0.037584928115442666,0.0729610277072245,8.78476759787599e-07,299,0.0364668618737516,71,0.981897277386412,0.947681572732715,wald87.csv
0.030744465001557537,0.0520410380684414,2.5920643662965803e-07,573,0.0234943797218758,119,0.39718935079217604,0.969360768392832,wald88.csv
0.03413294391061217,0.0651928889286761,4.2522394523739603e-07,453,0.0300309868675925,117,0.7007844072652472,0.956602906288024,wald89.csv
0.01748286453905173,0.06176072770008301,3.43102155852333e-12,156085,0.0103131718185046,18493,1.01462662348472,0.957330431396766,wald9.csv
0.03749375322403539,0.0678716591350415,8.2603906169579e-07,312,0.0265935895541633,63,1.1033784076633302,0.951049339507765,wald90.csv
0.03342047784372428,0.0659034315562167,3.59822624408713e-07,486,0.0292339994629365,104,1.0180258645945999,0.953130757685489,wald91.csv
0.030090822316636807,0.0648266769996285,2.73850532230724e-07,569,0.0340890179539515,138,0.394668879499814,0.95983242965122,wald92.csv
0.03225135105634691,0.0669598041510353,2.62867383015222e-07,543,0.0257956772311233,113,1.07979925525717,0.9518342687062711,wald93.csv
0.0368758581791786,0.0496399001130153,7.58349813759348e-07,323,0.0394882809799523,96,-0.006336698720724071,0.97300880937976,wald94.csv
0.03141884962840834,0.0716313353036075,3.12782246289659e-07,524,0.0201391507234227,113,1.4289109646115699,0.9463448335575371,wald95.csv
0.03568498271745017,0.0610548757307385,5.20412430311441e-07,395,0.0197647955634146,63,1.9387762921336698,0.9510585292005459,wald96.csv
0.03655052573712805,0.0655224845359515,9.015956043155199e-07,310,0.0300585660007201,68,0.743822119194619,0.9552710282527171,wald97.csv
0.03357086256414275,0.0751699524709668,5.0651866531929e-07,409,0.0188475414740898,67,2.11510731305533,0.9386829445587891,wald98.csv
0.029802126492009612,0.0610138769172896,2.51699568991698e-07,586,0.0230002797042352,111,0.8466953388830791,0.9591194976470641,wald99.csv
