0.017365985038211997,0.0206927178111277,3.29176093853502e-12,159263,0.0503177830416695,51247,-0.8554499164644921,0.9958747507352661,beta
0.017349457396718074,0.0208633126789034,3.30564137443172e-12,158851,0.0503645349260209,50969,-0.854086620141898,0.99584690184534,beta
0.02808153009035227,0.0203447753208761,3.20650248346319e-07,512,0.0561183444897868,167,-0.910561135067193,0.9962438796497092,beta
0.028313928042743578,0.0228780377920413,2.7569865616117704e-07,551,0.0535276278036046,184,-0.845924432831624,0.9947177230879879,beta
0.03216479480616554,0.0143260033914778,7.52990367243368e-07,343,0.0571685127866897,114,-1.0696634224432802,0.997325766242329,beta
0.03312858342737373,0.0176600328931495,7.237337448048159e-07,347,0.0552834401097097,110,-0.9898565739395491,0.996748841255929,beta
0.029282146646581794,0.0179901652797608,4.35482813712487e-07,442,0.0575896585221617,143,-0.9507510544674821,0.996898243985867,beta
0.030513758954831056,0.0252505630040837,3.6949433153247704e-07,458,0.0519830658738666,145,-0.773523516269275,0.993364759549704,beta
0.028313172997626177,0.0318377793544956,3.25942247575115e-07,487,0.0537589558328184,169,-0.7025924758023229,0.991142638388833,beta
0.03468296982776247,0.0254419943455233,7.89598433173555e-07,325,0.0559989000704373,115,-0.817985270756569,0.9939969809458001,beta
0.027038337065318857,0.0290883873197105,2.81938743665259e-07,541,0.0511500023844731,176,-0.7626236303139978,0.9930012407464859,beta
0.02633471159189663,0.0154602794579245,2.2811409917063303e-07,588,0.0589787513211604,208,-0.980899733402487,0.9977297462609258,beta
0.017362380547142585,0.0206491080411542,2.81669824832435e-12,172088,0.0503333539303323,55187,-0.856682709895114,0.995899691408133,beta
0.028102419253472163,0.0170135836156031,3.07968824320454e-07,518,0.055150203536933,165,-0.931408358848813,0.996676487930343,beta
0.03351254014644864,0.0215097455170947,7.681181344105409e-07,343,0.0603836934265172,132,-0.8799628894381178,0.9955573781706349,beta
0.03593986811338282,0.0248827265815496,7.02949435602413e-07,347,0.0546172082153334,114,-0.8203609777784749,0.9944195406071271,beta
0.03010767567805967,0.0281749679169329,3.04759735543324e-07,521,0.049113804695792004,161,-0.7274947362376321,0.992592973761932,beta
0.028327884007423008,0.0167380545706811,4.66801891369895e-07,420,0.0620848471879029,151,-0.9544376176633901,0.997216328567159,beta
0.03327506660953948,0.0200960450137614,4.3779426914826e-07,421,0.0546355388377122,129,-0.91395130671273,0.9962856348331579,beta
0.033114158487858855,0.0206268855963992,6.95174307002319e-07,337,0.0545490106094518,125,-0.889534812197437,0.995978701705791,beta
0.033677261272138125,0.0254432710825691,6.10096713630727e-07,367,0.053369328356615994,117,-0.838903531847405,0.994007727135867,beta
0.03066689084673729,0.0218975709830038,5.7462966071355e-07,390,0.0586709577470906,130,-0.871274221478626,0.9955308165683,beta
0.029745854401369613,0.0190115928277208,4.19431635387283e-07,460,0.0552493033498657,154,-0.8760821910687241,0.995814081738738,beta
0.01736491394326576,0.0204487925969635,2.91706920491991e-12,169180,0.0503384091651775,54251,-0.860076052051729,0.995963311688838,beta
0.02929963175799589,0.0187861947522094,4.1616283073856396e-07,468,0.0560770147324417,156,-0.935434120836192,0.996849832561105,beta
0.017358330777113545,0.0206023522918902,3.5270562952684603e-12,153824,0.0502889282247028,49354,-0.8561744884097429,0.9958895204773729,beta
0.01735736295266185,0.0204930582725552,2.433481836643e-12,184823,0.0503548153598386,59447,-0.858697113569913,0.995938466043105,beta
0.017356738879454183,0.0209052285160122,3.5084341351768804e-12,154360,0.050128808024620004,49330,-0.8519993863614529,0.9958072988043051,beta
0.017356951824854347,0.0206460896668371,3.0670366995803197e-12,164944,0.0504046328560845,53050,-0.8564274554206909,0.995893756611239,beta
0.0173579295602394,0.0206281180118171,2.2970598455146804e-12,190169,0.0502927210517155,60915,-0.85791710064521,0.9959239067443321,beta
0.017354267364189893,0.0208929540726426,2.88464158301671e-12,170062,0.0501530019870888,54545,-0.853556122348326,0.995838055097823,beta
0.017363810318567294,0.0204838425764988,3.4735250268296003e-12,154658,0.0502231611780962,49709,-0.857935158993559,0.995923800487702,beta
0.017350750399062496,0.0203352162407008,2.35200715443689e-12,188235,0.0502391511526208,60351,-0.8609211026320659,0.995980779401359,beta
0.017363292741424015,0.0208583916638594,2.94752810427381e-12,168189,0.0503220837044969,53924,-0.8536052066954541,0.9958395718155971,beta
0.02889956710241032,0.021442094347319997,4.1030860918820295e-07,468,0.0593941354338366,155,-0.886799683726297,0.995845134714689,beta
0.026633229826677207,0.022049150427863998,2.66059632964088e-07,557,0.0542020391694831,196,-0.8510214114987579,0.995272804482855,beta
0.027790118239985926,0.0242063480895218,3.44078736153859e-07,488,0.0525942063103192,166,-0.795150084869458,0.9942806999130408,beta
0.03047134816479351,0.0230222446121373,4.6634768232277604e-07,420,0.0543908756136231,142,-0.8325773802650299,0.9948561651829109,beta
0.03365488023183947,0.0194987406933737,7.473532036509691e-07,343,0.0609935784243033,111,-0.951267565069136,0.9958853286724649,beta
0.029098935917976056,0.0250222924498495,4.59059799408445e-07,410,0.0526575996392247,139,-0.794840480992082,0.9937968651909821,beta
0.03147563358357566,0.0232807146533107,5.29679649754128e-07,384,0.0562072255231404,133,-0.8471526165865358,0.995077404676949,beta
0.03178808885313086,0.0153328370624368,5.41946345367449e-07,381,0.0580172055263567,122,-0.974435363642463,0.997215737469362,beta
0.030530390592971586,0.0279093075281644,2.98690716186685e-07,535,0.0545836236521932,167,-0.8147159324731991,0.993156834305736,beta
0.017359256433982485,0.0207096623310196,3.19889911165394e-12,161218,0.050104121985503,51448,-0.856479402090649,0.995891927986772,beta
0.03130444654587211,0.0136042116571568,5.71587926188839e-07,381,0.066345902467262,132,-1.03007028161488,0.998277590546958,beta
0.029627120813095775,0.0233081672249019,3.2555026675376897e-07,499,0.0500734425584958,171,-0.827260950657065,0.994384065243625,beta
0.028436864919369014,0.0213108152583351,4.14263869424522e-07,453,0.0536744438485716,149,-0.8496668116371461,0.995208877767427,beta
0.03199904987628554,0.0148917977274608,8.55096520798059e-07,304,0.0572493425435395,107,-1.0324598293039302,0.997416779808826,beta
0.029853615689081802,0.0240496637465234,3.92748140569969e-07,447,0.0537940055260596,160,-0.798241660593474,0.9942005949054019,beta
0.027634826807662584,0.0261072164362879,2.67290843359776e-07,572,0.0504320901510803,172,-0.7863699829512679,0.993935957548869,beta
0.029591672837944717,0.0205130657851805,3.24252387524363e-07,517,0.056023881651891,174,-0.9007834085852142,0.996304218043129,beta
0.029971377127307675,0.0197813866266981,6.52804890430614e-07,355,0.0579572541135136,117,-0.9194652221500699,0.9962609686237679,beta
0.030942620810644857,0.0184688847961573,6.30708466895123e-07,367,0.0636012698318317,125,-0.962860850735029,0.996723400263729,beta
0.032118669429053,0.0266010251786659,8.14165506037362e-07,321,0.0559817738814636,114,-0.837019015247602,0.993775249242794,beta
0.01736610019862734,0.0204721339998867,2.9234041685542e-12,168853,0.0503048876956086,54246,-0.859027241377085,0.9959450577894391,beta
0.032959987359537785,0.0221662815850922,8.05832846268492e-07,328,0.0602522831471344,111,-0.90017561920163,0.9957663558423739,beta
0.030019019562239718,0.0244513101989357,4.57135524536172e-07,423,0.0599247025656388,153,-0.904017156983731,0.9946859532174341,beta
0.03148261902883761,0.0112077832732119,5.77225477462442e-07,385,0.0642813254280579,124,-1.0614320683107399,0.998407361927616,beta
0.030959801986437007,0.0226398994923702,3.59989637796841e-07,481,0.0521012536668539,155,-0.8276437990076679,0.9946919948961079,beta
0.025618007890399967,0.0191949126424725,2.3045246017438898e-07,596,0.0576928990208354,202,-0.90825792074411,0.9964537551503271,beta
0.031365353027039806,0.0266046027886654,5.021079829237279e-07,411,0.0525350029356179,141,-0.750519395255484,0.9928533520321159,beta
0.027187356789002207,0.0186045054216362,2.38587858699012e-07,586,0.0589558071455693,212,-0.904015178706481,0.996424742878914,beta
0.03066130617770927,0.0230935502189502,4.5140067184315997e-07,440,0.0545236700428895,139,-0.8373711596511949,0.9947939025312579,beta
0.03135097815893779,0.0223946536546302,3.48154828090877e-07,496,0.0537401119733569,179,-0.850964479528259,0.9952073588003449,beta
0.02952104092157842,0.0189192614263067,4.1785671884345997e-07,429,0.0559036316552614,136,-0.9155200964805942,0.996071745099062,beta
0.017367892843959544,0.0206694261338127,2.2390286535157798e-12,193045,0.0502090862295095,61613,-0.856418723047686,0.995894404280364,beta
0.02651931262868625,0.0143949923576295,2.72992889710114e-07,563,0.0594092692052991,193,-0.9992231189618531,0.997900423654573,beta
0.03292958090072258,0.0223531181101227,7.8224031373181e-07,341,0.0561365254029939,115,-0.875043918616775,0.995378267930691,beta
0.026323944139426025,0.0249365918485722,3.4481876931263104e-07,499,0.0583856549970698,175,-0.813525566632773,0.9944095314960791,beta
0.029856596090453644,0.0241247643864369,5.39069826853863e-07,395,0.0540745696902351,135,-0.8562130125624271,0.995087280053948,beta
0.026494859692095314,0.01760597183021,2.2154763871045498e-07,588,0.0584705341607502,206,-0.9356202124731791,0.996981624616871,beta
0.028125042648547104,0.0353893374515123,3.8024791083057e-07,482,0.0555087781308802,156,-0.6586352810433851,0.9899698589336109,beta
0.030740123024601676,0.0214693550765398,4.79334072797224e-07,428,0.0576005843462821,144,-0.8406268762884499,0.994516882872962,beta
0.034793193319997084,0.0198946209042679,7.70239579084841e-07,321,0.0573859871236724,107,-0.9326687977942539,0.9956462587863689,beta
0.029328404943985108,0.0178617304168314,4.01569985861526e-07,451,0.0594111926042056,143,-0.947189337692682,0.9966682058512231,beta
0.03180887598525486,0.0148944489285339,4.3425976473905707e-07,416,0.0555620106504875,128,-0.9709574093550329,0.997148826213434,beta
0.017362756408018137,0.0208104581856686,2.5439213179169504e-12,181139,0.0500684692621547,57887,-0.8527468906167031,0.99582227131285,beta
0.03256971265847709,0.020997152737461004,5.69440263935812e-07,385,0.0593847597452568,130,-0.920289006762461,0.996172289274177,beta
0.030795654592802767,0.0213339721826493,6.018645291754791e-07,383,0.0559711662962409,138,-0.858978850723787,0.995494490287545,beta
0.03109291170738846,0.0281993257261455,4.44246096565553e-07,442,0.0518351720268655,144,-0.7419916951971608,0.992844742831736,beta
0.02910020005184406,0.0271853900490652,2.7769089284527197e-07,537,0.0520381331898621,176,-0.792201122747258,0.9931982840345059,beta
0.03081538029756739,0.0193702054845466,4.928951190286351e-07,405,0.065850182745519,149,-0.948847088339923,0.996816954096711,beta
0.03309835708558767,0.0224159356637457,6.8338423314725e-07,350,0.0575968643528191,115,-0.89225336551479,0.9953352465592371,beta
0.02953385089421878,0.0231242545763748,3.8445044182968396e-07,465,0.0546631520181591,148,-0.8534471353266899,0.9947116488720921,beta
0.026672779107761266,0.0225831192073751,2.5570349670875696e-07,560,0.0566632488207425,195,-0.8517995705555742,0.995350136351191,beta
0.02875281188977389,0.0204377812442488,3.9824118154731896e-07,450,0.0552410769795263,146,-0.865414521152493,0.9954136854203409,beta
0.026144922995111293,0.0214837426067723,2.34315779833639e-07,598,0.0559313499189267,191,-0.857406630076143,0.9954978229651078,beta
0.017356609715026533,0.0205331074330982,2.2093514083752e-12,193828,0.0501971680925375,61729,-0.858368889285506,0.995932474532105,beta
0.028196420431622547,0.0204624576895898,2.7934703312902997e-07,538,0.0539852206485388,191,-0.871568808636717,0.995658008760775,beta
0.027922485043089786,0.0229929960859788,2.4777969128353e-07,564,0.0529648370129327,182,-0.8308779560072671,0.994989359621976,beta
0.026302493220769316,0.0191276893313536,2.81575668687784e-07,536,0.0587505050254326,179,-0.9243745497125458,0.9964721136573221,beta
0.03437225946940915,0.0236241352707849,8.339166756397559e-07,312,0.0609602051847559,112,-0.8328865797073141,0.9946580146614109,beta
0.029750292357070905,0.0245572796917902,4.1895030862203604e-07,453,0.0479654983309208,148,-0.7642301094633751,0.993576041166212,beta
0.030102539460450783,0.0190802495468447,4.6189131704336393e-07,432,0.0559759872760227,144,-0.892519059242309,0.99568010505276,beta
0.03252184871670365,0.0287687020745583,7.041849951829141e-07,350,0.0581047364727903,117,-0.7702894385312379,0.992820528426573,beta
0.0321903863069151,0.0190201244018105,6.8262422710126e-07,359,0.0580074352430116,128,-0.901417135230731,0.9956275954939051,beta
0.03438692475321324,0.0216871647825457,8.813320588435959e-07,317,0.0614399416462827,105,-0.8963375181979171,0.996023291485038,beta
0.03192723722550336,0.0267030526360538,5.59583672045972e-07,385,0.0537688149463093,139,-0.804324386995338,0.993923756568691,beta
0.017350713721888573,0.0206218739450982,3.4118213111452206e-12,156320,0.0501190632397228,50012,-0.8552073413242329,0.9958703491061659,beta
0.032747349254821825,0.0236327748168777,6.08830141206739e-07,356,0.0548520924042826,127,-0.8226991995586659,0.9942589878481171,beta
0.029284335758601322,0.0257188748390823,4.59803633541906e-07,430,0.0516555616786862,140,-0.7663701641041981,0.9933871261941859,beta
0.027737369863880795,0.0326089095860909,2.76048190262563e-07,566,0.0506657185150637,184,-0.673359846503765,0.9909394942763678,beta
0.03007504985638869,0.0186193611487179,7.606738514728109e-07,351,0.0624785841379763,132,-0.931731902785777,0.9964148288235151,beta
0.030948810160035107,0.0204295604853296,5.89083686935923e-07,382,0.0527508954770457,126,-0.8986308173024191,0.9960707012866579,beta
0.02871377852324213,0.0198785094771895,3.44403367970742e-07,487,0.0557510528035718,166,-0.8883191018143042,0.995948634651902,beta
0.030726528962502612,0.0185351206679815,4.923501562753679e-07,415,0.060946872444289,141,-0.964890258682213,0.9968338116748491,beta
0.030705862602671732,0.0246419390071866,5.34162653159861e-07,388,0.0541798582421136,138,-0.806785428011736,0.994189623437562,beta
0.03215046673902186,0.0195104132228809,6.502144174580029e-07,355,0.0642794969032979,133,-0.944933773446767,0.9963181923645631,beta
0.028863274436281127,0.0234826058138087,3.66148065130802e-07,468,0.0577115479813528,171,-0.86877291672465,0.994894381099498,beta
0.017362067599532082,0.0205973700074846,2.34802707420498e-12,188106,0.0501436873880927,60179,-0.8557067931150909,0.9958810961079592,beta
0.03271229325240508,0.027021909108045,7.43785132857002e-07,344,0.0643021091362609,119,-0.9166299333941721,0.994047066537587,beta
0.025579906690837543,0.0253650928258969,2.52741797290689e-07,587,0.0550704482009377,197,-0.8515334221824029,0.9940741324053,beta
0.028769453659113736,0.0140806404550177,3.2530935539408497e-07,500,0.0614187556145298,176,-1.00475643479562,0.997807078348605,beta
0.03083446723631304,0.0207501306356247,3.7780949053538297e-07,466,0.0537104950199693,138,-0.865220143524985,0.9955425037340029,beta
0.032723252841441244,0.032185017564457005,4.73673863804643e-07,401,0.0549656318994666,138,-0.7114507199177199,0.9909679119551529,beta
0.032657997848979624,0.0267415454464707,6.705769019752561e-07,359,0.0567767684766667,125,-0.7857688873101519,0.993717991369156,beta
0.028615171938194302,0.0196702985785591,3.2916744848051897e-07,506,0.0576245693825889,163,-0.89972978042138,0.9958620182556049,beta
0.031321372730018254,0.0239162144878361,4.34700629690069e-07,435,0.0530087080119139,135,-0.8048641716797701,0.994164318586265,beta
0.028996524696288165,0.0204114375659079,5.98784556828048e-07,384,0.0609610279067947,129,-0.8905034331028259,0.995798716292297,beta
0.030406911510356464,0.0162888912034773,4.42000177890664e-07,430,0.0610629476950429,154,-0.9688190646774242,0.997348940599578,beta
0.017534735803989662,0.0649809834060004,2.82192019892973e-12,172083,0.005234230148973129,15258,1.157927910657,0.955147221151492,logis
0.017563726723612845,0.0646711738348998,2.49408338273087e-12,182637,0.00540445370809934,16502,1.202358162794,0.9550233478156,logis
0.03528717000326658,0.052255493603912004,3.7137121440325797e-07,461,0.0193441300034793,91,0.592615886217947,0.967542766810548,logis
0.03299047054017378,0.0724067341656052,2.78925914591295e-07,548,0.0167623654434402,93,1.31211036805722,0.948156612176864,logis
0.03384872503291646,0.0673091372680758,3.65249253291995e-07,473,0.0179825476725144,85,1.14846076922647,0.9514632481569121,logis
0.0341364295076003,0.0610343134456434,3.61934742696524e-07,476,0.0158076463275246,80,1.33610412281725,0.957479144509519,logis
0.033468477027458164,0.062391169174125995,4.26882672242969e-07,447,0.0253756737773517,97,0.562268948794423,0.9609041301116669,logis
0.032994446679583456,0.0659372277656938,3.03118988973272e-07,527,0.0211311644301644,103,0.7572474707344671,0.957266347615812,logis
0.03302775867394784,0.0665899194040456,2.70423150755674e-07,557,0.0197239086778535,111,0.869639831850096,0.9557649591415369,logis
0.031190337835919346,0.0569910660701083,2.4419569687467897e-07,577,0.0194605086340894,114,0.5125633955670279,0.966066080110458,logis
0.0327493790660164,0.0704828309232967,3.08376094601137e-07,534,0.0136429644194491,95,1.48067019815658,0.949662687687731,logis
0.03741298765521233,0.075026191258505,4.15419575525174e-07,458,0.0174494068586922,84,1.7953854665378701,0.9403768330586619,logis
0.017552269189972977,0.0652603419022953,3.12114598771754e-12,163394,0.00596180213447438,15678,1.1902375881982,0.9547358461535109,logis
0.0307614403097194,0.0601925733116036,2.34522291377987e-07,588,0.0157709429149822,106,0.8970599913914399,0.9609054806331121,logis
0.036522581937531,0.0520105337951993,5.52598461898814e-07,384,0.0197829142496377,68,0.45487391756259293,0.968795296537384,logis
0.03927108574932524,0.063708229014676,7.58260171827406e-07,326,0.025861654288377004,70,0.47886396023984795,0.960858962252619,logis
0.03818862041074609,0.0699749533543022,6.41765598223868e-07,358,0.0267325044721873,82,0.5445155894089979,0.957066651486692,logis
0.03165232266871068,0.0556073255252643,2.85128872761806e-07,555,0.0278110592756959,131,0.5144043179808211,0.96549137217179,logis
0.03693185544754668,0.0542261767007664,6.12917729735369e-07,374,0.0231096479009517,74,0.40840600901423707,0.967753814238751,logis
0.033865990888714836,0.0629010614282422,3.3597264906518997e-07,503,0.0144704777022613,70,1.71006621463339,0.9514787818444921,logis
0.03255139391306474,0.0695557188893252,2.38823180149987e-07,592,0.0192021718002401,103,0.973468700357787,0.9522520303314799,logis
0.03236502763374374,0.0692092689057049,2.5908053345886897e-07,550,0.0207581900403864,115,0.7540184431168739,0.95572270826461,logis
0.03144684501912164,0.0591664642172531,3.25138002407731e-07,511,0.0251545442378633,115,0.396879407341473,0.965463388955362,logis
0.017535404239980276,0.0650955845118702,2.2616869004177004e-12,192020,0.00579947020685603,18093,1.1705477939573101,0.9549442920416841,logis
0.03729879304866725,0.0491795030293455,7.165256337926509e-07,344,0.0259798378508791,76,0.0444124728511888,0.974854410758657,logis
0.017567441161011475,0.0650023459561418,2.7764459310055098e-12,173075,0.00504453169165833,15018,1.22148406629865,0.9548404794978559,logis
0.017552593090363305,0.0653340090113009,2.72359770761377e-12,175070,0.005736721707394379,16383,1.219185813065,0.9544472829906179,logis
0.01756359921240743,0.0650625271196823,2.7909143125259196e-12,172644,0.0044681128240819795,14056,1.23294903803165,0.954769733670471,logis
0.017549711650834857,0.0656747643003721,3.40095353892989e-12,156587,0.00577201408704783,14787,1.2311325150893602,0.9540346221479692,logis
0.01759020889297192,0.0652439738278867,2.46831087797141e-12,183744,0.00616875927647906,17985,1.18219396935351,0.9548427593786859,logis
0.01756135820938039,0.0646267206112094,3.49044103778466e-12,154575,0.00599204269381808,14826,1.09812856524157,0.95582028402489,logis
0.017545703364419338,0.0646354156847704,2.2135449791668996e-12,193759,0.00615930187815677,18826,1.13846763512891,0.9554792244975621,logis
0.0175351684805988,0.0648466899406613,2.3849715117701e-12,186707,0.00728221505553664,20150,1.0982982962525099,0.9556935486077429,logis
0.017557547306121576,0.0644924469572769,3.119115753295e-12,163641,0.00588675832068066,15696,1.11823649340651,0.9558524354958481,logis
0.029915875872699838,0.0687599002654157,2.39391865665722e-07,595,0.0197024198265037,114,1.2474447345143602,0.951104591733989,logis
0.03528656391471643,0.067258446452271,5.968817537690271e-07,382,0.0170030160897771,69,1.8520673015437998,0.949137643193858,logis
0.031845565650462246,0.0603819142990918,3.30535501880692e-07,496,0.0242679878630899,107,0.51769423171515,0.9633180488254359,logis
0.029954296637235877,0.060744493131594,2.37061996229877e-07,598,0.0166643433076266,101,0.81525286678953,0.961270650674538,logis
0.03482127515960833,0.0636378830424114,5.080808696513859e-07,405,0.0239567362378383,89,0.5797424223209809,0.96119888084327,logis
0.03582465060460845,0.0647592636845165,4.992225809732271e-07,397,0.0162731955648163,62,1.6364990764657101,0.951446377891388,logis
0.032866361161677606,0.0612324606074298,2.4071100369207396e-07,581,0.0206062989226965,120,0.5481420549461861,0.962462094000131,logis
0.031488386700395526,0.0500121347791668,2.41394058924646e-07,586,0.0198025113846247,116,0.29703536095943395,0.9720956459587728,logis
0.035802976969425145,0.0604161118464424,4.4671223557066496e-07,442,0.0236819585991938,90,0.45709130366592293,0.964076720626167,logis
0.017539723851041616,0.0654503712292981,2.6416146065426e-12,177864,0.00592104157375488,17137,1.15999926211764,0.9548487984313442,logis
0.0398637262629434,0.0759815210253623,7.16408834351037e-07,328,0.0175106470504113,62,1.96797910096127,0.939196081273759,logis
0.03791525433654801,0.0602909222012735,8.683339546975229e-07,306,0.0207524783258203,57,0.9014475078590821,0.959460034878778,logis
0.03772818329010074,0.0634145949000368,8.273074612148379e-07,321,0.0262353008310004,77,0.380658159154313,0.963465667798771,logis
0.03294900561016041,0.0673860645785931,2.5601891362764e-07,572,0.0140006589653022,85,1.66640698749126,0.947829601461481,logis
0.032355641705039774,0.0614401584958417,2.4001738349033603e-07,563,0.0199783865867643,119,0.665013444207188,0.9608436953988301,logis
0.03370419896248322,0.0640653018438408,2.72997788666592e-07,543,0.015368671963909999,84,1.31004422863359,0.955151509026629,logis
0.03293741647019342,0.0774658847866098,2.38063998967245e-07,598,0.0173762060499554,110,1.52441061726787,0.941003435909928,logis
0.03546533946781204,0.0756432499549025,5.44711999492226e-07,404,0.0158124754023068,72,1.5464343784167098,0.944867615433979,logis
0.03430581467148706,0.0683529738014269,3.3612057181160805e-07,488,0.0182481156498944,102,1.0400814479426899,0.9527987546554608,logis
0.04113599724187613,0.0616906981746736,7.806767487727101e-07,337,0.021848883627231995,63,0.7107247873077379,0.960920550283322,logis
0.01760977301893015,0.0643816508521163,2.3779057068627995e-12,187675,0.0047626461513080205,15734,1.16351854790091,0.955739228751192,logis
0.035482280695153266,0.0699168886836255,3.96376578786059e-07,453,0.0149568090350366,69,1.30473371797397,0.949821079594942,logis
0.03279076006619953,0.0596854138540064,3.4642759216349897e-07,493,0.0211487580464528,96,0.664896407073306,0.962233752195204,logis
0.03397587116640183,0.0636661509718142,3.5777846313717603e-07,471,0.0265442105773021,109,0.44511455900275104,0.9627210988060309,logis
0.03635864201099865,0.0736677598444472,3.62372449953199e-07,489,0.0199467867972831,91,1.19453987303123,0.947884404515635,logis
0.034640236046685986,0.0674396309291842,6.11990913463056e-07,367,0.0260650708513246,78,0.762212441186719,0.9562173144654978,logis
0.03877431373309035,0.0660807948145849,4.6088144190195e-07,405,0.0216619264459312,82,0.763778039927361,0.9581904236734531,logis
0.03296429654005188,0.0607095094038533,3.01709123189118e-07,527,0.0181262505788696,85,0.724571492718002,0.960913237913864,logis
0.035580933941485975,0.071139968662673,4.42728612135437e-07,442,0.0178986165332756,73,1.26492388260106,0.9474218811789,logis
0.03119824066366894,0.0624675060550959,2.7709262549923804e-07,551,0.022496579000404,113,0.508121317598185,0.9625845689948249,logis
0.04096725511470054,0.0705056506554999,9.12978712290646e-07,299,0.0224283812616895,64,1.05687448168779,0.951103141092168,logis
0.01755380816341691,0.0652825341225903,2.6440651939088e-12,177443,0.00553709071197646,16408,1.2062596096533,0.954593694693744,logis
0.033622100417950364,0.0702724966835339,2.3487583948467497e-07,576,0.0114000392077212,73,2.0592374780062,0.9463409611391459,logis
0.03695452918747647,0.0526085211133839,4.50844800536987e-07,413,0.0235608386730809,89,0.217653781253822,0.9719772739883891,logis
0.03476073512843265,0.0569600934899926,5.04345760873534e-07,411,0.0221895423285999,90,0.43215927056082704,0.96594832273488,logis
0.03902038678153408,0.0526806438460843,6.862000596641771e-07,355,0.0194341732840716,64,0.9280987824412159,0.963350701930702,logis
0.039044493027103964,0.0605378251570667,5.56358943629266e-07,381,0.0227202996410262,84,0.602279809235584,0.961659993823989,logis
0.034548463830473164,0.0600934804382295,3.2234812534794e-07,503,0.0238552817654148,118,0.48596655329818705,0.9637082299496059,logis
0.03126565570467381,0.0643279979016591,2.72178217426766e-07,566,0.0140223679075547,85,1.51810972289419,0.952513241764609,logis
0.03137021668379904,0.0624650876153907,2.81772946642663e-07,538,0.0228619635006274,120,0.5556201031585021,0.961879852661206,logis
0.034626829012621096,0.0650721526136732,4.4943987837608005e-07,443,0.0229695815566018,98,0.618231045731596,0.959542970344775,logis
0.03408947047572327,0.0709501798404914,3.0736680302421305e-07,511,0.0172891601124091,87,1.4023535157939397,0.9482966530572979,logis
0.017553612825698367,0.0647104625695557,2.48400443250619e-12,182957,0.0057977146119699,17087,1.15085161349162,0.9554731678017192,logis
0.037704865652978495,0.0603930097290432,6.621302704384149e-07,361,0.0243384061770594,85,0.47355701113203397,0.9645834939196091,logis
0.033583455015949296,0.0612916313576789,6.02563860407015e-07,380,0.0269228866778861,91,0.44800255838698705,0.9642016770581759,logis
0.030782836442277535,0.0655077385764659,2.6381248536943304e-07,563,0.021179909437407,112,0.752326361094771,0.957951934071303,logis
0.039954949180890965,0.0659661063707273,6.25275353457725e-07,359,0.0262617389130362,83,0.6471681022797199,0.9580661067314151,logis
0.037501088442253964,0.0725460212437238,4.78500204854212e-07,398,0.0228673613519299,86,0.9429259888292522,0.950902996323553,logis
0.0317228530276719,0.0642009887651156,2.3550148998787302e-07,596,0.0199650056499198,113,0.72632210464999,0.958612200891856,logis
0.03729818820592218,0.0482956840062101,7.622745971241429e-07,322,0.0297001481083227,84,0.060355353918033,0.9744875108083271,logis
0.029606670808890807,0.0586060687513299,2.66983103916163e-07,570,0.0168641737063387,100,0.758468231055977,0.963950661490943,logis
0.03107326615729736,0.0616225188436039,2.9369549473332603e-07,533,0.0255013128254897,115,0.376531770784122,0.9647842682789741,logis
0.03202681949567733,0.0560956682830477,2.3537781572481604e-07,595,0.020707380775269,118,0.5941853708665009,0.964405322929235,logis
0.017563289017209403,0.0649288818924485,2.2276655718556803e-12,193364,0.0059670648711344,18540,1.1906590269698702,0.9550477852798399,logis
0.03646813261421173,0.0650632802405312,6.61700104128479e-07,352,0.0199893448718155,68,1.2450192393348,0.9548601177818691,logis
0.03330999229624049,0.0616147649889719,2.89295322490051e-07,553,0.0207939188930617,112,0.6617148426117221,0.961092110842054,logis
0.03485982780551355,0.06585872221776401,4.935247548237129e-07,422,0.0169955986752718,73,1.2098854122173999,0.952076212760615,logis
0.03970324603042803,0.0640769807832893,6.19189654274985e-07,369,0.0256069882515051,82,0.4965804198737921,0.961890532593682,logis
0.032890660771266254,0.0526579854600489,3.5316973578636e-07,489,0.0287454555938923,126,0.0691104338416482,0.972695946224345,logis
0.0329438279029196,0.0770037286282805,2.6974676247874196e-07,566,0.0172037961116461,107,1.46808973773365,0.9409962773375942,logis
0.03178771137112397,0.0648026593360886,2.9940006578787105e-07,535,0.0231045099788643,114,0.6645035650885339,0.9590631151377791,logis
0.03733714814860204,0.0711337432201973,3.74860816729279e-07,453,0.0205896919952518,96,1.22950222298914,0.9484891964073101,logis
0.03099025436379949,0.0610910829727131,2.47487698588206e-07,587,0.0218185012375459,131,0.46602801563710705,0.964235586298468,logis
0.03516534642776581,0.0613387304228801,4.825527700399079e-07,425,0.0178363467563146,73,0.824000911624167,0.9606296415265941,logis
0.017534381583906255,0.0652088113443948,2.69858863572589e-12,175760,0.00598692549778543,16821,1.17367669659493,0.954835377448116,logis
0.03261165743752305,0.0653665873835629,2.64033443760672e-07,559,0.0217570028609157,123,0.649039307825506,0.958943192629067,logis
0.0334646903246575,0.065100565804343,3.4856741258712897e-07,496,0.0175049094836266,91,0.900230732414629,0.9575932610509379,logis
0.031660204737360614,0.0533348679675199,2.92309233003003e-07,532,0.0193191870272227,101,0.535246436690403,0.967257700884078,logis
0.03611271154048609,0.0662080172385501,4.15593430485647e-07,450,0.0239061894293075,106,0.531137039126973,0.960601224454236,logis
0.031428573178939094,0.0566302249431003,3.37704717936506e-07,490,0.0238208630028843,118,0.36301594225545203,0.968138944044823,logis
0.03517829728554482,0.0470210001477795,5.09018711287549e-07,402,0.0249845090321373,92,0.048633430173917996,0.9754716733202871,logis
0.03693344934254349,0.0608108577791906,5.79965592346522e-07,381,0.0208450170690389,69,0.8931810476776999,0.9586681563316449,logis
0.03791418878107312,0.0528355789491047,5.48579421361336e-07,388,0.025578841129405,85,0.18226871105607503,0.971314024146344,logis
0.03517236219438322,0.0495905868007732,6.36093399037829e-07,364,0.0299344475107056,86,0.0288494535169352,0.974215134782213,logis
0.030358586689269874,0.0584325635740332,2.6038513644222304e-07,545,0.0241391645930493,123,0.447718544268646,0.965201476001935,logis
0.01755885483360236,0.064419796476341,3.65410756400999e-12,150896,0.00501695040125659,13123,1.16007162644664,0.955750572806688,logis
0.03464773232110193,0.0704045592448485,5.13022567396304e-07,421,0.0239415727764069,101,0.7147100312469891,0.954426284797162,logis
0.03506158024371794,0.0575668823138965,5.22966645481715e-07,406,0.0247464455223683,92,0.19053267030535,0.9694492019886128,logis
0.03294568190154733,0.06013161868103701,4.44890916915236e-07,434,0.0244202876396886,101,0.439569268313151,0.9645266981989771,logis
0.032536158896413966,0.0599788025508452,3.44789966049025e-07,505,0.0195326410481493,82,0.722790476587162,0.961244466900918,logis
0.03512293584361948,0.0607955788061208,5.61790861033565e-07,380,0.0212497552348596,82,1.02873175745685,0.958700964484795,logis
0.03994743170140466,0.0687650300963997,7.3308825387339e-07,344,0.024726245613003996,74,0.629551963103141,0.956615716949101,logis
0.03302401286818266,0.0611951266432766,4.1128295417359203e-07,457,0.0172151365776566,82,0.83352411044863,0.9598172909196501,logis
0.0315375136710983,0.0641796700498081,2.76253993700447e-07,548,0.0224937489026584,117,0.675573031563929,0.9593521851228599,logis
0.03166725574499099,0.0683035857608265,2.75386322487209e-07,565,0.0229831097166951,121,0.795760858213385,0.955288811494987,logis
0.03142444580934278,0.0675708310276294,2.5994381476905997e-07,556,0.0231455078132819,124,0.897115999111712,0.954488382998038,logis
0.017808026381419217,0.16883518604527303,2.32361440184252e-12,189756,0.000545497442252794,5442,82.4254432230933,0.6941890609747049,logn
0.01778291044816624,0.16870707141384303,3.61595333504686e-12,151844,0.000730112840882745,4865,73.8821522485274,0.6942863470626689,logn
0.03592575505876892,0.174221811232192,3.7815021520628e-07,462,0.00556873907241354,28,58.4602759522758,0.67166232839863,logn
0.03352131323443708,0.185835931807557,2.58932332489297e-07,544,0.00671895201284355,40,48.1731075017173,0.6358379053062321,logn
0.03872893366931489,0.153593898819799,6.84871519905283e-07,357,0.0224301437385292,44,8.41482720445422,0.7778631975211708,logn
0.032106661269668976,0.163512496723154,3.54751759871833e-07,509,0.0105422371723715,47,26.2278110521969,0.724633389745747,logn
0.036878066930920564,0.14974858039772798,5.62732467240289e-07,392,0.014191535851558,42,13.5735001745126,0.7782993790343721,logn
0.031466069560280585,0.170893442161615,2.62009338800983e-07,560,0.0123154129934957,60,17.9020591643889,0.714308907902072,logn
0.03779884819858911,0.18228647237829,5.59761684321294e-07,399,0.0100468926086684,32,33.7135298866851,0.65309521521693,logn
0.03615194839970038,0.14391621129252202,5.949632111990751e-07,379,0.0199098180516613,48,10.0464771088968,0.7943876444544241,logn
0.04058322670338005,0.17805311227364604,4.1598190301399004e-07,443,0.0108001479038487,44,25.139863291583602,0.6816418782703578,logn
0.03378541455067015,0.15314663548184101,3.26661933020264e-07,499,0.0164159025066446,65,10.955971081895301,0.7729121726117321,logn
0.017792249840101953,0.16890518381840602,3.5314231907023402e-12,153424,0.000806172818836016,5248,59.72592848629029,0.69635538477488,logn
0.038331411453262056,0.174295617039101,5.41700799091171e-07,390,0.014563945220552,38,19.6991333975615,0.7002118105869991,logn
0.03638805450612912,0.17562623356145002,4.6870635655906e-07,425,0.00920904710394806,36,30.9008120830715,0.68202189299447,logn
0.03290412402565147,0.166277462619938,2.5412129853361503e-07,578,0.00631360653046488,37,43.628275849911795,0.698134375234448,logn
0.0321064049808233,0.156397933403799,3.13070898072646e-07,531,0.007439129594384841,51,28.9334691860285,0.7433726701224029,logn
0.036166162311948094,0.17704180893369198,6.37492133123377e-07,361,0.00619449482038105,22,62.3775228478244,0.6556822935683261,logn
0.03808837721489725,0.20751346828366,2.37099068704974e-07,598,0.00219353541853008,15,312.993484067427,0.48763020110467004,logn
0.03408518004324081,0.160987356582395,3.22279683871285e-07,521,0.00516766700829249,35,59.2249177834395,0.710210960097625,logn
0.03682828291578372,0.181670226317104,4.66531004247795e-07,417,0.0129818050245589,44,24.275796786083898,0.668256482550427,logn
0.041628742514182374,0.167552486824716,6.933125730243589e-07,340,0.0113066898761132,32,22.6751331220713,0.71597762769932,logn
0.03058312269566053,0.158679804783514,2.2153375754257997e-07,597,0.0123235262444134,63,19.5365223439261,0.739136870123004,logn
0.01773866916170489,0.171736757412569,2.1782477055011003e-12,195560,0.000796360088391966,6413,74.13669023212009,0.681722685742745,logn
0.04292887455029418,0.17239648914107503,7.44650653223345e-07,340,0.00715142896880123,27,47.1898202782226,0.678218298354861,logn
0.017712274329629452,0.17121317367118102,2.1254625243607998e-12,198055,0.000568621232576423,5645,93.32246799730059,0.6823442413792039,logn
0.0177214345052783,0.168749479571037,2.7872169582356e-12,172443,0.00039559213355632404,4383,115.65837708837,0.6926764957725029,logn
0.017680381078131385,0.17080464610859497,2.23421337593986e-12,193135,0.00016490981315100901,3451,238.517962466567,0.6838600377298929,logn
0.017661988626120992,0.169775098087163,2.6066378362916202e-12,178948,0.000735425449086781,5795,78.4306330656987,0.690222732874804,logn
0.0178314970303775,0.169078734031289,3.65304634984773e-12,150795,0.000333108652127633,3586,106.59647356592899,0.693579238803567,logn
0.0177282554647531,0.17035823927691898,2.70706997344206e-12,175417,0.0006267999021130651,5409,79.9600007430497,0.688266501824544,logn
0.017719358561913014,0.172122223074155,3.40004158851759e-12,156567,0.00018223330884166,2882,249.386502083408,0.675888840823434,logn
0.017755823923494864,0.171933761888383,2.2693229145951604e-12,191349,0.00015664381540626498,3329,299.006937755844,0.67690279160561,logn
0.01767159141239375,0.170060149832392,3.20848028695933e-12,161172,0.0006990240858507089,5086,67.44921552106639,0.6904996242513579,logn
0.0393788229359648,0.189536670008808,3.5014101073350395e-07,491,0.006222116908187821,33,58.044700817003005,0.6157005674762089,logn
0.03795272267794099,0.17688620642030603,6.20849877349637e-07,360,0.0121805923735109,31,34.3112840800617,0.666655383697516,logn
0.03190210756605187,0.16320934435733098,2.6711947895844805e-07,559,0.00641277050610207,46,37.1691076204144,0.7196147150355681,logn
0.0312515549812362,0.17224205390978303,2.47031244539111e-07,589,0.00536978538352104,34,55.45306843183829,0.6789551814909799,logn
0.03376091942062503,0.155547100049206,3.1957876308655e-07,499,0.00937099739497051,46,24.7712004040047,0.744134023254758,logn
0.04308799403272275,0.156599229740033,8.381616360322959e-07,315,0.0178570010099973,40,12.1714521652728,0.762505073942532,logn
0.03798437424416804,0.179442932468728,5.240531438604041e-07,411,0.0090701764565198,32,34.927837616210496,0.6628348474366209,logn
0.034788022872490144,0.17065473730991798,3.51911918537057e-07,471,0.00846272347157716,39,37.4023537422242,0.6885010567039661,logn
0.03891483118990793,0.136481298538879,7.948994801241931e-07,322,0.0210873104597144,46,8.0347854694117,0.817667867489935,logn
0.01772288506694798,0.170513216464362,2.52139003810043e-12,182044,0.000652026976323528,5583,78.9823235926782,0.68796188232876,logn
0.036422609276024656,0.168860085407774,4.4858243327132503e-07,434,0.009473840403284159,38,29.1524584757335,0.7035572608443871,logn
0.03990030574828487,0.191490127541435,3.92264223916619e-07,470,0.0035878916484421205,24,142.444549863954,0.5786518719092789,logn
0.03585295534942243,0.16970467461307298,5.27961722948182e-07,405,0.00983616665778057,40,24.191041876994902,0.7100557512383309,logn
0.035694334793493564,0.163134404403423,3.86681718101626e-07,462,0.0111278471935381,41,23.7626116476272,0.720861575292598,logn
0.031384988982390616,0.15910551090618302,2.76773478678298e-07,577,0.0201416567340998,77,10.6757731549726,0.75993747402321,logn
0.029846258298393137,0.151867672217134,2.43427894132695e-07,580,0.0117359110397727,57,16.949142366959,0.7661945758631701,logn
0.04132208485732246,0.190127291931645,5.050589693310509e-07,406,0.0042725619912032204,25,114.254113112512,0.5901192917259139,logn
0.034949213773131475,0.163315393954009,5.320755400364321e-07,394,0.0220253443454978,54,9.6532856302689,0.7464448907166199,logn
0.0361311253126044,0.167782685382604,4.343822262812611e-07,439,0.005581582486760999,30,59.4399615980912,0.690009438773037,logn
0.033165113393711046,0.153008277472054,2.74124474533015e-07,563,0.0137158171250283,68,11.536574180992401,0.7737701220613921,logn
0.01773105829767142,0.170595655998898,2.9606896016458598e-12,167708,0.000484500511631175,4559,82.8041833815055,0.686852179816064,logn
0.03766485863890412,0.16622391088523,5.933381294301561e-07,369,0.0188320805485395,41,12.441296464466,0.7384942353567601,logn
0.0444093285904453,0.19123456711148198,8.083324100801271e-07,312,0.0105627401412018,25,37.1367059154628,0.620842805672869,logn
0.03933443242555912,0.14833581277286903,8.39609834570287e-07,312,0.0224082993266157,44,9.848080255325641,0.7884872052299841,logn
0.03365274744100765,0.18726713973621398,2.60149888344949e-07,588,0.00505148667491745,31,73.44485432306291,0.61618727292317,logn
0.0467125646021062,0.182574869446374,4.923919447728889e-07,427,0.0109277077864228,37,30.3691050710739,0.655352269793499,logn
0.030531183286887715,0.153121208154219,2.3905555054983696e-07,580,0.0164186730358045,73,9.71235865596758,0.7764933711599691,logn
0.03072308440728541,0.141892207990693,2.67916637293357e-07,562,0.0133510788430557,62,12.0244362473266,0.796209861455774,logn
0.03258861167683505,0.16310233930650198,3.2968292021759803e-07,512,0.009669312151927229,50,20.7541798314817,0.7292928076702879,logn
0.0377341651175265,0.15179367411560699,6.43208959740975e-07,362,0.0142295904006034,40,12.797142561286199,0.775991560877827,logn
0.03930877025646716,0.174246975164138,6.80617203692723e-07,352,0.0122591215288255,33,24.9120691407772,0.6879037196815211,logn
0.017722076232833544,0.174387576330599,2.61000487497904e-12,178419,0.000262662090888632,3866,180.619014355519,0.668769924240934,logn
0.032806458139607766,0.16266550031316102,2.9119265876353e-07,545,0.00583356538444555,33,47.2452212269965,0.7107141508682511,logn
0.035071830658647385,0.15414423728476,4.5825161098765294e-07,424,0.0176199985585176,56,12.051514938054199,0.767418091992173,logn
0.03528809118009331,0.173295154219479,3.54875692846672e-07,508,0.00818887211062227,40,29.5045396368378,0.6955413423408828,logn
0.03146966066386458,0.15267685215944599,2.6611629756198695e-07,566,0.009277713888370741,54,20.376859567817398,0.7580838030379871,logn
0.03278931216084402,0.176170119235351,3.37197254750729e-07,497,0.009439171887690041,39,36.3632581256085,0.6732553369394789,logn
0.032388096489069165,0.162106552797262,3.18245707171369e-07,499,0.00958796403034998,44,20.9510924168582,0.73717296479838,logn
0.03850975330004585,0.14930176744534,7.14886615612912e-07,342,0.0226125598943391,52,8.23276514319556,0.7909303215438449,logn
0.03407178683769598,0.167635142202516,4.0363097841118296e-07,476,0.00578496274295428,33,51.25082995635879,0.6957442019004829,logn
0.037707116065520956,0.15588252331969402,7.418647130324109e-07,349,0.0145876133875871,37,15.083499262469198,0.758223325920459,logn
0.03236456579951554,0.15684104184232597,2.92368292907653e-07,540,0.014524193360607,56,12.249565043116801,0.764723207905828,logn
0.01771892783931927,0.168664549947388,2.6902186586630697e-12,175942,0.000786081813411219,5895,58.415957162221204,0.6976155473967219,logn
0.038428784470602724,0.160458130313158,6.70895812198207e-07,369,0.0128391998671794,39,18.1452983391365,0.74159827187087,logn
0.037426996574010565,0.140798079047315,5.21460681205881e-07,392,0.0173134124626401,52,8.21230718905819,0.812148106705371,logn
0.04004710340342065,0.18120262889551397,4.31575091415259e-07,451,0.00869979816525658,38,42.1465090403357,0.652956707398333,logn
0.04076438346958782,0.183697676719941,3.8425886138660497e-07,453,0.00762828285095007,36,44.1863794714847,0.642618714329813,logn
0.038057864631448925,0.152137127595881,6.15477836119493e-07,370,0.0145013434763018,37,17.6395295094797,0.759585116280799,logn
0.03774887946486856,0.17865624404620603,3.66745659999056e-07,472,0.005457061234649571,30,63.13056349806829,0.6512547156259761,logn
0.03546305529814862,0.143506802897137,7.736389590198321e-07,334,0.0276802963515991,49,6.87695594351163,0.8096124388726149,logn
0.034452883771085345,0.14714819499377302,4.3528767754105904e-07,436,0.0202264218326681,56,8.66823605909455,0.7931776457161959,logn
0.035424685571979246,0.170517946501743,4.5709062386572295e-07,434,0.0115510831653187,38,24.358172973295897,0.704303561570684,logn
0.037601355013080894,0.148933153740203,6.213948080592179e-07,373,0.0250953084139718,50,6.47197677866765,0.8032162895102859,logn
0.01771330692618626,0.169637251009654,3.5047000365856e-12,154262,0.000983014692712251,5627,58.742476776985995,0.693239954156862,logn
0.04900717040655858,0.19174463049197604,8.415791745748179e-07,316,0.00762678626681345,24,50.41507869652099,0.6110715357649399,logn
0.03393341850895029,0.166663358980699,2.87718961771848e-07,535,0.018470035353724,65,12.375169815595601,0.733676553810165,logn
0.032091133725810767,0.15727434222925302,2.5304102561023695e-07,565,0.0102818747648139,54,18.7980693236601,0.75086676685899,logn
0.0374339050565116,0.182482557043284,4.7662239903198996e-07,411,0.0054477947719024,25,69.8228717057653,0.636499295654521,logn
0.03732136544608723,0.17228252275844197,6.7411652937215e-07,359,0.0134858730027316,40,19.977232882495603,0.7043161462106501,logn
0.03282796345475671,0.17204708271677402,3.3565654600706896e-07,503,0.009442742486222691,38,30.688494185638103,0.6936206566462692,logn
0.03466452590907036,0.16787787613234803,2.98601347183282e-07,537,0.0160686994298314,56,15.4837761359787,0.723786540174277,logn
0.03546690397045574,0.135937574105876,5.664591521775989e-07,384,0.0310481800378376,64,5.09901044547551,0.83041711790167,logn
0.03676339572659366,0.155890020913452,5.78027648487782e-07,375,0.0214852284167302,52,9.62289978011421,0.769354694861024,logn
0.04550096125803696,0.18935720658258498,8.78000906956364e-07,333,0.0106086058160555,26,28.503345906754998,0.639844211809161,logn
0.017773196454205494,0.170845253463041,2.49248243687025e-12,182878,0.000502427052578732,5136,86.36525991741391,0.6858784256847771,logn
0.03793166731489954,0.17133032963746303,6.265325603312389e-07,370,0.00850732632606894,35,31.466992775698102,0.695465541742431,logn
0.03911028956554443,0.162867889760119,9.00016752875803e-07,304,0.00786042587355848,26,41.2213036548344,0.7126337216852571,logn
0.031977663022001133,0.15505114466325698,2.30269091042668e-07,599,0.0138837993195568,62,15.617345128978698,0.758861544026723,logn
0.03356202915850699,0.17644636406521,2.81846633282385e-07,533,0.0122692483624379,45,22.563329351550102,0.686715515050845,logn
0.03410423308671094,0.18194972064928,3.0474743086778003e-07,529,0.0142458174008426,44,22.879805683957,0.6718045564394781,logn
0.03233240069969581,0.17112129862976902,2.84473208051786e-07,552,0.0055972427546775606,44,50.62070467446179,0.684593227122715,logn
0.03555863358888325,0.166353886982203,4.25243044676861e-07,442,0.0130541368754729,45,16.381273165968,0.731368838797635,logn
0.03683756175603042,0.172568576755582,2.7052168661278603e-07,561,0.0067267110695012,43,41.2421644270803,0.681871040435738,logn
0.04123337155265466,0.17097359839607001,9.501515529808219e-07,299,0.0119021560713357,22,31.7168605848493,0.6881320538510419,logn
0.038169631820591535,0.158200820410525,6.66617510851624e-07,352,0.0149074768897417,41,13.678543664224101,0.7557182332138109,logn
0.017710290464659325,0.17047506765455897,3.70049107452733e-12,150133,0.000608853740679953,4504,76.2216911478195,0.6884984627977121,logn
0.035518821534846486,0.172116280138392,4.37595713262786e-07,447,0.007386819095472691,37,35.738059252853496,0.6913442569354731,logn
0.03868681961839847,0.16273652453729198,7.90377446981742e-07,328,0.0106365955358592,30,22.138318653697098,0.73080915196647,logn
0.03459339600494136,0.1693191698838,2.76217461274723e-07,561,0.013067103411413001,58,22.5489814495788,0.7089254905228041,logn
0.03596571255706812,0.16042637434569598,4.84066311843275e-07,425,0.0167892945787363,56,13.9446613823774,0.7476071212386529,logn
0.03238315567704441,0.15186642099506,3.0939508608450897e-07,528,0.0167367662719832,61,11.935704153377198,0.7731834130723549,logn
0.03474746703148561,0.17403187938449402,4.2506108981658e-07,458,0.007285685785724159,38,38.3851035245179,0.683022085874807,logn
0.04174180793172654,0.167660211100992,6.161729389941551e-07,365,0.0127824063077254,31,21.3488515055544,0.7146353949138821,logn
0.038793531911722676,0.18281347585649804,3.88775652066129e-07,466,0.00500037488513205,28,74.97786895496671,0.633181011248983,logn
0.033221973382924784,0.16830799434967902,3.41581319470631e-07,495,0.00633559271731559,42,41.2686470547237,0.7025848726681421,logn
0.03618096191835652,0.165094989880035,4.6417283702486494e-07,439,0.00513000149415378,27,69.6687134327929,0.6906604759476049,logn
0.01778855889918045,0.18308847382275897,2.44390181930393e-12,184618,0.00033388371878949303,4228,195.416070515458,0.62835087519502,parteo
0.01799417713534853,0.188504236578724,2.4868716729775e-12,183168,6.671522697883579e-05,2211,1461.01842741291,0.592325670171647,parteo
0.03265520619295906,0.15803260743213,2.2910756021291699e-07,598,0.00573406006820285,46,43.565753334845,0.7267258405120501,parteo
0.052103883632113435,0.230069227190677,3.7720140121953296e-07,481,0.00238507080369632,11,340.621199199221,0.36268143133820796,parteo
0.03536379263455729,0.155754303286692,3.6144727752144605e-07,487,0.00747192222353161,40,32.8629194452431,0.7348709815634,parteo
0.03668779725056195,0.161251706460822,3.33723231800001e-07,497,0.0108694929676813,51,18.0022493443721,0.7399688180444359,parteo
0.0401094902157698,0.187369757148899,4.3962136507117003e-07,446,0.00680032114711298,36,49.36169664322001,0.625845889332522,parteo
0.03502267452844834,0.18446425113045498,2.92757661022943e-07,519,0.0108017095868311,50,24.708188298012498,0.656523021511732,parteo
0.03434588419502718,0.16913298829686801,2.4981886000966395e-07,580,0.004716774722680279,33,66.6293915634148,0.6824890800129549,parteo
0.03872222151532799,0.184339427554955,3.95078460670206e-07,455,0.00618028391580575,32,52.6383676464291,0.6408522317528199,parteo
0.03368420312001358,0.170478821645661,3.3098600048288604e-07,511,0.0109612923194376,52,20.3609765063512,0.7110882488981309,parteo
0.03466533363489133,0.147472216436959,3.74412206686656e-07,490,0.0174610579153917,60,13.182356931935502,0.7768703496554691,parteo
0.017821635069654083,0.189473380662078,3.04469788101301e-12,165466,7.10469677345083e-05,1969,1478.8427885599401,0.58635939962832,parteo
0.03454040613772034,0.18002490873429,3.10241424663947e-07,511,0.0102504521169981,47,26.405064656406303,0.669892433687702,parteo
0.03709061207479288,0.190942167454965,2.48633557932338e-07,575,0.008840903498565691,45,43.010795915147106,0.6134616503820529,parteo
0.033441233836077625,0.137493273867764,4.2419874339285e-07,445,0.0172942245305216,62,7.91529305190067,0.8157182836108879,parteo
0.06445133952854,0.231675986488221,3.61176107338969e-07,492,0.00453685606669169,21,163.827154564642,0.36781069658549503,parteo
0.0440179810151812,0.202815737951225,3.6337981193529e-07,481,0.00374598419254306,20,133.433210461775,0.5363108983791071,parteo
0.0413477704148938,0.196242134485722,3.7038677626864203e-07,473,0.00874805726610434,36,45.9710065237043,0.592950057060574,parteo
0.044290902995910354,0.219126284155165,2.75743372972097e-07,544,0.00253486062479681,21,263.438811310443,0.43592303702995894,parteo
0.04859713245574312,0.174318452943123,8.526872205794051e-07,315,0.005661693001375999,16,79.3879960318823,0.651673388582776,parteo
0.0432116357415847,0.19371262711018697,5.0552841423797e-07,417,0.006030949060568679,29,60.3733930408187,0.6012534854148461,parteo
0.033181744765376,0.157105010622322,3.25859055958682e-07,505,0.0176260489204203,67,12.615337680390802,0.755257130924999,parteo
0.017846344812883896,0.185073986686112,3.6821694743642995e-12,150534,0.000260637149730873,3052,280.93657307306097,0.6169733412673101,parteo
0.04345407827921459,0.16801930949145402,9.03227302477524e-07,299,0.0122133744949075,32,21.5476737050845,0.709286352942055,parteo
0.01772604581554966,0.18465929195015804,2.9959766039758703e-12,166662,0.00025119773447685,3472,283.278494145779,0.6193345582334511,parteo
0.017852683883529372,0.18876830109223,2.2848078462994902e-12,191045,0.000109975595166602,2804,787.425477570034,0.593883595314776,parteo
0.01797116224552811,0.18422580250467602,2.10599100677996e-12,199120,0.000152448352783878,3443,601.316498539617,0.618869664002097,parteo
0.017845784154995152,0.190984306035827,3.065955766277e-12,164610,0.000102058730316241,2339,1101.97745772599,0.580404215163903,parteo
0.01785503864441531,0.193087436013662,2.1628905975521297e-12,196341,7.95200681369298e-05,2489,1979.3887020195398,0.5665936681136651,parteo
0.017826720037080034,0.183239770793547,2.77788895443269e-12,173227,0.000314741809380266,3888,220.977019808301,0.626432745429193,parteo
0.01789898984991082,0.18909400310194702,3.3146361548075e-12,158268,0.000283394701836577,3308,340.004541335377,0.5943505394843679,parteo
0.017742179676831425,0.19122507619904197,2.2783144802077898e-12,191358,5.950001438270971e-05,2246,1636.18847196022,0.5808295857621589,parteo
0.017795384653086974,0.18518167746604897,2.09064124432738e-12,199543,0.000254946933836429,4081,272.419969705734,0.616726388025597,parteo
0.0327629591506402,0.177793407368143,2.59561181242659e-07,563,0.0106330725289603,48,29.1643062306783,0.6745255425883001,parteo
0.040496789457722004,0.172590422040281,6.850322329512671e-07,342,0.0157553440306662,37,18.6506405491711,0.702273359051329,parteo
0.03849814592589708,0.179036294478824,3.12878017519597e-07,519,0.00546165525928974,33,61.3294134922499,0.651112702095561,parteo
0.03615110673844858,0.18099402964540803,2.97996017148449e-07,536,0.005991869842766479,37,53.1829474387974,0.6468703754663281,parteo
0.04685330362168033,0.194599472311555,8.83380223005772e-07,332,0.0099065897685446,26,45.08079704532479,0.600985478589385,parteo
0.04605235673911831,0.17308398444577303,9.37500474350063e-07,317,0.0074202888980787205,26,46.4731332856482,0.67771969315696,parteo
0.050030432008984715,0.19407215466529998,8.837161777266121e-07,307,0.00814491103800893,22,52.9983202672431,0.5984573798722139,parteo
0.03253228317403128,0.168685411270302,2.9234766540331304e-07,528,0.0202985280930438,67,12.242996891063301,0.727950703590533,parteo
0.03088484965109224,0.155515432398051,2.42810836739865e-07,585,0.0155515268430461,78,10.3099334345135,0.7669954324743009,parteo
0.017722163433256135,0.1841979414974,2.7782029778536403e-12,173279,0.00016583466585369,3062,388.770588994368,0.6203882004904139,parteo
0.03401522606523415,0.15020778019604197,2.92736885580258e-07,537,0.0267258329057727,83,6.3973259543379495,0.791783115790005,parteo
0.03671963178611721,0.16001014413461098,4.72556771510569e-07,414,0.0125963452020594,44,21.9852716819502,0.734792784560556,parteo
0.042464549492109364,0.18505231375528,6.392933515961159e-07,354,0.0114542216503824,33,30.8097058343221,0.645955195309313,parteo
0.03651038439694989,0.17530324617791002,4.23307869008536e-07,446,0.0115978169944099,43,28.8293932730895,0.678426543688741,parteo
0.05107554615801517,0.195294218748728,9.87324056011232e-07,304,0.00554920555935591,20,90.37856784151371,0.578918733796995,parteo
0.04117589263876273,0.18602006279363398,4.50461566893578e-07,434,0.0163028937919515,40,23.5527025960625,0.6551684662180911,parteo
0.03350861905727361,0.167301467412096,2.5949893212617504e-07,576,0.0053576951095945,42,54.45887780805489,0.687840668289145,parteo
0.04227553781359608,0.16225317085835098,7.58783305712314e-07,315,0.0122216718870364,33,19.3716373127838,0.73346457294378,parteo
0.03636290691006003,0.17397484700566299,3.3268413208161395e-07,502,0.00642474617024314,41,46.300992748857006,0.674505137584157,parteo
0.03947744852959869,0.199609746771193,2.95174549622669e-07,537,0.00343664491249366,29,143.45086409049,0.544557585307333,parteo
0.017894156815103403,0.18942726328139498,3.3763599264027993e-12,156558,6.108081699652121e-05,1814,1846.1778573236302,0.5878931789705261,parteo
0.039534378300454046,0.178950906645858,6.12785142722492e-07,379,0.00642791884449447,27,53.680316832473096,0.656080937933135,parteo
0.04432526332526051,0.191657353978693,6.713124404361171e-07,362,0.00996325242872981,27,44.3181689875011,0.610324837958015,parteo
0.038675456631228275,0.14581731910881301,9.219400649074551e-07,305,0.0298969998033075,50,6.41294503405392,0.8065560274985809,parteo
0.03768000101089287,0.15979495733048002,3.7667541809071703e-07,490,0.00959221477288737,48,23.6254384347715,0.7350646294409878,parteo
0.03485237921435908,0.19257936145639,2.45904057975379e-07,585,0.00552838820631586,35,58.142859298591006,0.6079619408221489,parteo
0.03616862337565552,0.181848472039068,3.06067649214148e-07,536,0.00899757892291695,43,39.701252351075,0.6488726501452429,parteo
0.03373186328011056,0.166909883069804,3.41588749478791e-07,479,0.011677720369074,48,17.2675332403894,0.724729526823678,parteo
0.03981442729375017,0.189638307009955,4.6019567132005396e-07,429,0.0102702868573853,35,39.9462344800804,0.622448760476246,parteo
0.03966864792920985,0.174063142511033,6.30541803461631e-07,376,0.00852207932381488,30,34.4422426433244,0.684608282228326,parteo
0.036624690640369946,0.153669335990218,4.0753027117788896e-07,435,0.0163606396065435,47,13.550765543908598,0.763100604261968,parteo
0.01785476543578608,0.19440423300845802,2.5509392507435497e-12,181093,4.14925489291543e-05,1726,4286.5787902988,0.5550401530823511,parteo
0.03857470267374837,0.17570885042812898,4.4551821783074294e-07,433,0.010543289779438,34,31.7977260997331,0.676730489813347,parteo
0.03513276853530519,0.186847849197908,3.18723265665361e-07,518,0.0107240764016857,42,36.1712933418341,0.6331008176723391,parteo
0.059166170726749366,0.21996866130665801,5.603858748819279e-07,380,0.00369177740480376,19,174.87866606154302,0.442817912817589,parteo
0.03262275123034534,0.15703396145498802,3.91064699929339e-07,447,0.0198752459424764,66,9.82570839750193,0.7656870628775141,parteo
0.04231466542579683,0.15302192614756902,6.67036391928926e-07,352,0.0120410487117126,35,24.308671851451503,0.7460740835715799,parteo
0.04099668293854465,0.172210179372253,7.410194619142679e-07,333,0.00623171133924909,27,62.739900816830996,0.668166090728443,parteo
0.03959642544194715,0.183594602928338,3.7818630146074204e-07,475,0.00756880596678762,36,50.6824164748297,0.635204556946182,parteo
0.036096037065439304,0.171162552745222,3.396951451612e-07,488,0.00781561722608891,40,36.1177879369891,0.6882657253839789,parteo
0.03484507543125956,0.16384602279184698,4.12505094598385e-07,468,0.0123084341172025,50,15.439772142926099,0.7379481673190992,parteo
0.0451446366862119,0.19276113884582502,3.96825641485434e-07,458,0.009556224166930971,36,35.1202753223357,0.615586627953286,parteo
0.01778675169559968,0.18267117518729697,2.38647628733985e-12,186660,0.000282071255713935,4011,253.18614930480499,0.62734637226335,parteo
0.03555605846890243,0.165780527576444,3.8296751054779396e-07,475,0.013886347322098999,55,16.9131066440397,0.727529619198296,parteo
0.041490679260045314,0.18774758501527303,3.96782113794866e-07,449,0.00634758557207429,26,54.1041805382022,0.6228320836288609,parteo
0.0474495993419769,0.222094311118305,2.58237357310583e-07,590,0.0038784283351017295,26,136.96407477665701,0.442109685223058,parteo
0.0499371577789526,0.19469944124086802,8.632343884583549e-07,325,0.00515720204741983,17,98.6232764964775,0.5748554525434101,parteo
0.060251701926745053,0.23968340077707198,5.187110848349521e-07,411,0.0025650200117763103,9,348.49312445754896,0.282784691596037,parteo
0.038802788628448125,0.182366615583441,4.3705593871992e-07,437,0.0080860993552408,27,48.0090627034488,0.6414203282904339,parteo
0.03623490353836169,0.181431640503988,3.56137614647684e-07,486,0.00929140973866609,37,34.7293194103841,0.658691129543102,parteo
0.04192327049215853,0.156603184341869,8.60503436666531e-07,308,0.0134198518137202,33,16.4611457991688,0.75566257974021,parteo
0.03696584246921188,0.18201480801800102,4.46739301145278e-07,431,0.011656058393818001,49,24.326521661280697,0.665278799862621,parteo
0.051312726043576534,0.23650445579624899,3.61166852218115e-07,471,0.0024076771074780603,14,344.664084056463,0.310404525785639,parteo
0.017749373024457577,0.181808645005272,2.72362110143701e-12,174635,0.000313271056428458,4012,191.027220787187,0.6345163690927261,parteo
0.04642650333432874,0.17670659193621,8.49215379025432e-07,307,0.0089718422362293,26,36.7570282479373,0.671234850886948,parteo
0.032305899007916916,0.16529468060862398,2.44525990391037e-07,596,0.0174398407795615,67,17.489569130823902,0.723071917070431,parteo
0.034142006926771135,0.16487700712786998,3.92693562318687e-07,466,0.0195673656660243,61,12.165187285897998,0.7377146468646321,parteo
0.045094117386864745,0.177289150281042,6.29941782727112e-07,354,0.011521968631906,32,25.988614346747198,0.6761604029259899,parteo
0.03773635892799526,0.196391397675797,3.00002175935659e-07,539,0.00617543689197916,37,77.03523500218971,0.578679033705704,parteo
0.04929880225789621,0.204319512528387,7.020963953887939e-07,343,0.0041859092674509605,20,144.43022129469102,0.523425367789833,parteo
0.03545511612600358,0.158732979034846,3.78893335953265e-07,467,0.0132718326897694,45,18.0751571128446,0.7462275391169971,parteo
0.042965583294918744,0.19505396047522,7.739546404780521e-07,330,0.0131972388335145,28,32.6582174460508,0.610592424601197,parteo
0.05015239269142753,0.21898284505444898,2.58761059414187e-07,579,0.00300358501631237,25,194.118797304606,0.44595874351246095,parteo
0.057384410339387314,0.22751676988775899,5.97076150955716e-07,372,0.00332338188955248,10,224.07096568204102,0.38608391376997797,parteo
0.01781931374126208,0.185110232984043,2.34971746477771e-12,187958,0.000173011616333129,3337,436.361056170851,0.614546767950644,parteo
0.03572972922539017,0.19219217122753401,3.1497719212571897e-07,515,0.00807655858198407,36,55.9397517746509,0.6011671906440781,parteo
0.037333172494154354,0.16797166562331098,6.8410664130795e-07,350,0.0124544694567688,34,20.6890923207699,0.7136690127337191,parteo
0.033954518267205754,0.15115721613131602,3.12801799265977e-07,516,0.0153260099536398,69,12.753697844178,0.7761496324977329,parteo
0.047842155558779687,0.215566064323534,3.6463196997107796e-07,490,0.0031061032493282198,15,195.352771463148,0.46252867164910494,parteo
0.03252741326451451,0.162260975360484,2.55589687721706e-07,583,0.0122724495186777,62,17.0558834043995,0.73963748933084,parteo
0.043479942651617205,0.166555509906426,8.91523981231317e-07,316,0.0179804496280775,39,14.799416876985,0.730148037874662,parteo
0.03528405213829342,0.16765224678777801,3.01486093542899e-07,531,0.0171382265426876,58,15.3275290890312,0.7224377732034929,parteo
0.04049093435481782,0.16898931719775598,5.22133538966931e-07,401,0.0135559715358881,42,18.378389608687197,0.7150766467533309,parteo
0.033946625331163036,0.16814865280133198,2.99570135529398e-07,527,0.00838394497393037,40,29.9184380230269,0.707456342394616,parteo
0.03367263260840667,0.17281427967831797,2.3966051264808e-07,567,0.00648773536889782,44,39.0655296804992,0.6863214949293821,parteo
0.018072612070059953,0.18964619087735698,3.54875903978798e-12,153270,0.00011797861987376999,2307,991.978436934272,0.5886815930069549,parteo
0.04670344231733341,0.193198475238622,6.493769276180321e-07,362,0.00589436961697755,23,70.9475366950463,0.597563062375183,parteo
0.0398644690310284,0.18776487756092702,6.79964003833617e-07,358,0.013374782808782,33,25.9184591753549,0.64367748792577,parteo
0.033713893374678124,0.17142359469434199,2.76760792074705e-07,550,0.00983824309422575,52,27.4819425146518,0.69634025512758,parteo
0.03756257790294102,0.183977532158311,3.2800771291097996e-07,496,0.0108272050176828,41,33.0202622264247,0.64699497231311,parteo
0.041297230408067716,0.16113063729498,6.98047122257434e-07,357,0.0068524672498553,23,49.7373633628658,0.705478225274568,parteo
0.03934785004130562,0.168454799158251,6.87150096568804e-07,325,0.0198572858139675,43,13.532621269050699,0.7256167290609251,parteo
0.05069295766938511,0.235955304442055,3.32783542803699e-07,506,0.00229307074961099,16,355.030275236818,0.314553131193139,parteo
0.037183662410854135,0.1835359664258,3.0670346570963397e-07,514,0.00429004685647485,30,91.5479143063955,0.624682219016224,parteo
0.038489958175882494,0.184163862593207,4.6997851936612396e-07,422,0.00941991629507052,29,42.8959455271048,0.6405807895279829,parteo
0.03388570656295088,0.17792521709901102,2.2512805631032e-07,592,0.007956497811283691,44,32.3269015026048,0.671777628745208,parteo
0.017337631614692876,0.000643409083629086,2.30222646386079e-12,190076,0.0835181867922142,70219,-1.2045630276936499,0.9999965423669201,uni
0.01732764052783367,0.00031959705710123197,3.2024303493659902e-12,161524,0.0833475440304453,59425,-1.1985939255083502,0.9999989852839059,uni
0.027586715007302164,0.0130780270646017,5.1608729434609e-07,392,0.0832308070676531,142,-1.16042831053136,0.998590459175241,uni
0.029113648807386882,0.0132619342122922,4.4146465692326203e-07,439,0.0806795123240103,157,-1.11616347474317,0.998489265417972,uni
0.030061449707961575,0.00660413206358779,5.427365427845411e-07,392,0.0823065586254258,134,-1.22438136032599,0.999576796915995,uni
0.026193449778126418,0.0077261860519646,4.02542451068692e-07,452,0.0852268624934749,162,-1.22864288022696,0.9994408918361279,uni
0.02854064990488359,0.00778142175422303,4.26236079398185e-07,427,0.0775724793181496,158,-1.1769246479967799,0.9994282180121771,uni
0.029430259907832303,0.0118875971781514,7.812767905914621e-07,315,0.0818532387869442,113,-1.15008571862834,0.9988377105243359,uni
0.027305393089821644,0.0051537367396099,3.7053985501181504e-07,471,0.0882454077386525,172,-1.2116315880863502,0.999748639967854,uni
0.030774296578909097,0.0118363680861411,5.08737187539534e-07,415,0.0870989497152614,152,-1.28708947123242,0.998859934024508,uni
0.03318928721494763,0.0136592257962601,9.00171323279612e-07,308,0.0784022965466724,110,-1.10426041408983,0.998348892623655,uni
0.02648763271522514,0.00450750389860995,3.10466474664049e-07,515,0.0841509868762818,195,-1.18338088803032,0.9998193562020391,uni
0.01734455423257091,0.000409949804798362,2.5907883606003704e-12,179528,0.0831780850432279,66104,-1.19801731641369,0.9999985160894,uni
0.025955673534312388,0.00591383408472469,2.43676936808768e-07,579,0.0814398587793787,222,-1.14890967879364,0.999654874280231,uni
0.034568620133795185,0.00701481012615134,9.294128997261059e-07,301,0.0860012343001305,112,-1.1677177126018201,0.9995543799851991,uni
0.027409681884076692,0.0107289099551984,4.78423230143891e-07,423,0.0918880563223239,161,-1.31831021920472,0.999094531519376,uni
0.025125176004393974,0.0124993405673152,2.9432107306517895e-07,532,0.0863941450207612,196,-1.25513952250173,0.99860812017602,uni
0.03012490296815988,0.0180102831630649,4.77001796070067e-07,433,0.0825691330884463,159,-1.0942953294906401,0.997561863120369,uni
0.028922631479806196,0.0108177192448877,5.05677786762074e-07,413,0.0912972253445244,153,-1.30346715337736,0.9989901813422571,uni
0.026672126418329258,0.00756535520755635,2.4619364452164603e-07,594,0.0851064818469744,225,-1.23678935182035,0.9995211084846229,uni
0.029769958158700892,0.0113040962971621,4.20933803184402e-07,461,0.0822385558288579,160,-1.17051980595777,0.9989610905615258,uni
0.024467063044496938,0.00590836443454662,2.45179235555014e-07,577,0.0844103266834116,201,-1.21097570992272,0.999686770557025,uni
0.026942238578527986,0.00992113150441723,4.46588636153759e-07,432,0.0811645160237561,161,-1.16839591550447,0.9992158683654201,uni
0.01733820053055361,0.000357679550694198,2.88074379964885e-12,169836,0.08323298366588401,62593,-1.20021810039929,0.9999989188582941,uni
0.02793971589696247,0.00798680116920881,4.6630480195339205e-07,435,0.08432947606018801,158,-1.19035142518827,0.999417367298274,uni
0.017339726808395347,0.00048754754009865304,3.0440132153260096e-12,165475,0.0831057250048683,61012,-1.19907424744025,0.999997858551265,uni
0.01733884857580045,0.00043347815131914704,2.8551328019001403e-12,171016,0.0832435199379778,62978,-1.19798473425176,0.999998113093835,uni
0.017338061887844886,0.000287847056003521,3.01980866347759e-12,166287,0.0831336072520307,61344,-1.20031806065559,0.99999921516471,uni
0.017330043597571593,0.00036031580927946,2.72941895271647e-12,174895,0.0834636220145673,64435,-1.20157808763101,0.9999987634712142,uni
0.017333518872054296,0.00049919442399566,3.5397055048319504e-12,153581,0.0833271804052168,56503,-1.20134340592611,0.999997722773933,uni
0.017333699639096273,0.000628945281974165,2.88258413149521e-12,170093,0.0831997301265022,62465,-1.19824346872086,0.9999964139946279,uni
0.017340598097207942,0.00044116432838094697,2.2194157862089502e-12,193927,0.0835183994195065,71200,-1.2031182360864199,0.9999981208810501,uni
0.017339092805523742,0.000558025341103139,2.12044617866014e-12,198289,0.0837464289140241,73016,-1.2056913858886398,0.9999972479403331,uni
0.01734472594700555,0.000353410721699038,3.60602341555223e-12,151916,0.0833161866359976,55959,-1.20124709422804,0.999998807065879,uni
0.028667260341281104,0.00740642411326832,6.10673738950143e-07,359,0.0823408547185884,121,-1.2192034662326798,0.999493702916085,uni
0.026030843334347284,0.00516247458539041,3.20434588098075e-07,513,0.0843126296326559,187,-1.20066068074241,0.9997461128809699,uni
0.025945252836049808,0.00723263739049213,2.8959399063903105e-07,539,0.0854634983068714,198,-1.21084627309323,0.9995467534508491,uni
0.02564350804405837,0.00760384934477815,2.48176311821617e-07,569,0.07824663308545798,202,-1.15735812848623,0.9994333537490259,uni
0.02737562364133355,0.00769517884312482,5.23621596997885e-07,415,0.083941928023899,159,-1.22353434126736,0.999451423493473,uni
0.03190186077805667,0.0114147945259419,1.0079008803285e-06,306,0.0807238188639323,123,-1.1907457244458302,0.998743370603728,uni
0.026133227321420052,0.00642004035901824,2.64539307278668e-07,574,0.0801313194831947,210,-1.18625405970724,0.9995872499025391,uni
0.026157560637664085,0.0062885997209378,2.77590214373167e-07,549,0.0873320610571939,206,-1.24388043278347,0.9996503399577809,uni
0.03206664358595487,0.008862675497294609,6.21045257950531e-07,375,0.0828957341340433,137,-1.14277050344858,0.9992550648171971,uni
0.017332158615580167,0.000407816509383344,3.15160345042141e-12,162603,0.0833769730936287,59913,-1.1984284697576002,0.999998652967335,uni
0.0254528087644573,0.0086018276817995,2.87243982112146e-07,548,0.0825767014760807,203,-1.1533915386058702,0.999251226901872,uni
0.02509261028911928,0.00813119270749218,2.3872483216868403e-07,595,0.0823555425948417,215,-1.15402348779908,0.9994538465583142,uni
0.02511541122472795,0.008792673862011541,2.68564175143946e-07,552,0.08288755285433999,204,-1.16961890692946,0.9993799319593671,uni
0.03173801182683769,0.009319668556119109,6.39512624412473e-07,366,0.0807169096152163,135,-1.18431235915801,0.9991337243340731,uni
0.028046130112292848,0.009915244884082129,5.61979574146897e-07,386,0.0947148313931271,141,-1.3081395660113602,0.9990345022669741,uni
0.031841232294669966,0.0106500885507983,3.94376644534555e-07,456,0.0892960168820251,178,-1.29645379743015,0.9989389869545809,uni
0.02579565664706896,0.009946070055815909,3.43459289440822e-07,497,0.0831829480162372,174,-1.22783072274926,0.9991509785325869,uni
0.024815356441479263,0.009100475297531259,2.32174950192285e-07,597,0.0864648171551949,217,-1.2826859075586499,0.9992758043467499,uni
0.02678050166804191,0.007724610761826991,2.53621874053731e-07,573,0.0836443267047285,218,-1.1862910868838301,0.999506107024746,uni
0.032324133915755546,0.00677648640392771,7.311429963858149e-07,338,0.0836960360597961,117,-1.2195411863580201,0.999597449758761,uni
0.017342152160944865,0.000339339835884858,2.95317200971354e-12,168163,0.0835285361638126,61859,-1.19949995107024,0.9999989076364209,uni
0.02647616526707788,0.0144342704894273,3.0603823868442503e-07,525,0.0828706192154318,197,-1.1905146907995101,0.9983079313447091,uni
0.026426799022380005,0.00791523449420401,2.75354765101312e-07,544,0.081924630433783,199,-1.1463883056764799,0.999462331167097,uni
0.025392480636561052,0.00873313100786261,2.6965151193982203e-07,544,0.0766351481400242,203,-1.15258456510731,0.999244156993605,uni
0.03306353711104925,0.0128565062267918,7.865767792629391e-07,333,0.0874708573669854,130,-1.29907808898862,0.9986842332431569,uni
0.030866449202713583,0.00897176177037982,5.98959424919962e-07,364,0.0859175065612542,137,-1.29091381916411,0.9992262652889959,uni
0.029924325823141078,0.0109505550709361,4.85777025506036e-07,418,0.0790264611220875,155,-1.13294512207019,0.99893116930496,uni
0.031083907215965344,0.0115515346741389,6.447998469725061e-07,364,0.079760986207673,137,-1.14777313937958,0.998598926278899,uni
0.029008352627286037,0.00816839006098847,3.1501044652500896e-07,517,0.0848158676860206,198,-1.2360323015936898,0.999402983830479,uni
0.02540381597601007,0.00922524311701225,3.0435333889608397e-07,522,0.0827552862099089,178,-1.1234013816258601,0.9992240048389051,uni
0.02843168699553596,0.00887126206908593,3.99770465422413e-07,441,0.0864490981438755,159,-1.22952242353569,0.99932690189565,uni
0.017337619370933047,0.0007277195041773389,3.68371184441808e-12,150410,0.0837119999941838,55513,-1.2064826779376499,0.999994351900225,uni
0.03029025830591039,0.00944624900484385,6.16067467554442e-07,376,0.0884864210663223,132,-1.29593730976148,0.9990528854413431,uni
0.03057613543611083,0.0122410687324125,6.51885843966711e-07,370,0.0832192616076898,138,-1.1978730591067899,0.998691567135453,uni
0.032501427150024326,0.00768168103505808,8.292097607081109e-07,302,0.0815596785397711,119,-1.1595046089311298,0.9995018796796801,uni
0.02663653479740443,0.00948115834521859,2.3271910803133503e-07,586,0.0831135889948622,223,-1.1740116792244,0.9991913464187271,uni
0.03369477821772749,0.009382834964894459,7.517741554556521e-07,327,0.0862277975437116,124,-1.27386691747716,0.9992303641680351,uni
0.030950462317504642,0.0141754232814517,8.72192043458197e-07,311,0.0817635701318664,116,-1.2371870562496399,0.99811662010497,uni
0.02653706917871343,0.0072957573936516095,3.17849022304538e-07,506,0.08246928842864501,187,-1.1839583340903501,0.99954579237893,uni
0.027027802154041637,0.0075949321421289,4.5462905810118895e-07,418,0.0834611704642604,147,-1.1705104097494499,0.999406594831301,uni
0.027337691861049007,0.009580964902295491,3.55563994676498e-07,483,0.0817196728909685,165,-1.13353680573035,0.999148559913456,uni
0.03062018273455395,0.0133035869681493,6.73140229842139e-07,344,0.0829431708865397,125,-1.14024622821493,0.998390313678755,uni
0.017333105615751458,0.000472423754904355,3.37001325044498e-12,157335,0.083504664501304,58030,-1.2030180244147899,0.999997643146503,uni
0.02851735908910672,0.00758417025332315,2.4652946363748603e-07,573,0.0826229119785588,224,-1.19332816709124,0.9995416978388441,uni
0.02613444130351616,0.0045013979512883,3.47717865900236e-07,477,0.0841230623288552,173,-1.21614178420921,0.999805640955368,uni
0.0299718340771396,0.0114542271841246,5.85343071939642e-07,371,0.0843221819070857,134,-1.23249296257266,0.9989352467451851,uni
0.024664926734335003,0.0095381242129417,2.5165790139204303e-07,588,0.0812857646002867,219,-1.16268090519503,0.999232337531272,uni
0.030804311564853675,0.007900205641936909,5.21440269347734e-07,394,0.0856197752423625,145,-1.2334418546246002,0.9994240298962759,uni
0.028768091679680967,0.0110342757153983,4.54798929626925e-07,425,0.0871616638644075,154,-1.22048355399538,0.998837689752668,uni
0.027747845247839274,0.00811727919771316,3.8824012509082e-07,457,0.0852306115090803,164,-1.2344431889698,0.999375176505116,uni
0.026832380042137817,0.0153667717415514,2.77546226335318e-07,552,0.0811011828360766,209,-1.15595149481427,0.998137568316436,uni
0.025552376268655457,0.009186115402109521,3.65879347816855e-07,502,0.080996796617916,184,-1.17027474207935,0.999165030611984,uni
0.028056430891749994,0.00948740273991735,3.5614172246325705e-07,488,0.0799403387911874,181,-1.1354426416716699,0.999278466060859,uni
0.01733745648291321,0.000769510912282563,3.08141434087324e-12,164655,0.0840083876081033,60509,-1.20912883323919,0.9999948735979101,uni
0.028565534991010465,0.007486131802447221,5.40189276560271e-07,384,0.0818254599490191,139,-1.2030711798380802,0.9994631605001859,uni
0.02483067483923122,0.0104391624995319,2.4757334014813397e-07,590,0.0820673926683651,213,-1.17352654897072,0.9990452870652141,uni
0.025153090407010217,0.0113665974843937,2.49753444381437e-07,586,0.0815465715857609,218,-1.19188587245874,0.9988400819615771,uni
0.027647958786949443,0.00647637748832105,3.18917458014069e-07,497,0.0841767772193592,179,-1.24418161388698,0.999618417921002,uni
0.029568553164738904,0.00739910488623364,5.42574989391827e-07,384,0.0841592417082135,136,-1.16754109364495,0.99947410714393,uni
0.024638883779942486,0.00782233696208717,2.41571593407815e-07,583,0.0845589667272281,212,-1.22030499036147,0.99949434207493,uni
0.027035753743676727,0.004129350568444479,2.90117630239158e-07,530,0.0836595601177386,208,-1.19399577894881,0.9998487268034499,uni
0.026650562178317665,0.0128039022727899,2.67815356492011e-07,560,0.0763812019635016,212,-1.08398829740738,0.998652541994078,uni
0.028314015094969607,0.0087555586608355,4.3333583426082793e-07,460,0.0871947486184106,171,-1.2617458818860001,0.999321106193754,uni
0.03181841957709299,0.00896730127199203,9.08116694506134e-07,299,0.080981575978837,108,-1.20082385166161,0.9993006133046651,uni
0.01734098049555371,0.00044838739518110704,2.7437741490329197e-12,174202,0.0832689159142911,64243,-1.1954935580063402,0.9999977504585749,uni
0.032509100191607056,0.0103209628735198,8.347866202452651e-07,302,0.0788441469998707,116,-1.15677956619969,0.9989325866516741,uni
0.025485615254999587,0.00528219549210689,2.57819975112603e-07,583,0.0800880775688735,223,-1.1761222221151102,0.999759513992107,uni
0.02800940888790328,0.00702926536439875,5.288255865195371e-07,398,0.0846947577420803,150,-1.2012683905123798,0.9995687973750641,uni
0.02631862956012761,0.0108189037524687,2.6712500539169696e-07,540,0.0830671314044147,198,-1.18065747774896,0.99897172173054,uni
0.03032530909792852,0.0115078641858362,8.83343501776186e-07,310,0.0875667457958023,117,-1.3029439495994901,0.9989522650998679,uni
0.027993601935292965,0.0093453910085574,3.9749699445258104e-07,462,0.0775478449880577,176,-1.09806992708752,0.999119941310041,uni
0.031022189360964434,0.0104442700445015,9.14367592531295e-07,303,0.080421690379304,117,-1.26145666699093,0.999062406792534,uni
0.028094123673794175,0.0113816019704974,5.37118649883952e-07,396,0.0870186066884208,143,-1.2186964931678201,0.998986258473155,uni
0.028775866010992558,0.00773767413883468,5.20760936510012e-07,404,0.0886565121460444,156,-1.2837184751502,0.999463189172333,uni
0.02513526128724222,0.00939093275850183,2.3620370260246602e-07,588,0.0819902663780151,220,-1.2013234756263602,0.9992799855954909,uni
0.0173404578338301,0.00040463919361391,3.09608785541609e-12,164039,0.0835378363325615,60264,-1.20011378764013,0.9999980984197719,uni
0.02755674384045195,0.00925964640161865,5.12121648216255e-07,402,0.0854168933240589,144,-1.24887682009924,0.999241447011438,uni
0.025744549704208107,0.0087584030332645,2.9097695573081997e-07,519,0.0887645322352321,190,-1.2849536240752,0.9991325928089849,uni
0.02945871371120086,0.0173165794429431,9.486618578299591e-07,303,0.0907172452012525,111,-1.35705229991973,0.997613286258139,uni
0.025128431154794576,0.0108435397171641,2.49198828533082e-07,583,0.0873091907695593,219,-1.2107492799798798,0.999091746074583,uni
0.025762375273060276,0.00790262147497623,3.1815511378616e-07,513,0.0831400945989989,190,-1.12919318543326,0.9994010212555949,uni
0.028057400388281365,0.0125363233301502,5.017834431691111e-07,404,0.0802921918426017,150,-1.19126252311013,0.9985834235334091,uni
0.027696922000147613,0.0100292040843665,4.0105779034464796e-07,459,0.0762871229362854,165,-1.15744711385195,0.9991202213302809,uni
0.024672283968011636,0.008593022191739859,2.49379634791735e-07,571,0.0825396714202082,207,-1.18920335803168,0.999435592231787,uni
0.02679374512011192,0.0172813370393678,3.05103668525905e-07,526,0.0845466983066603,202,-1.1765486027998702,0.997378004598757,uni
0.025503274629956905,0.00934673571985485,4.2517141469678797e-07,455,0.0908997349748568,171,-1.28544993763417,0.9992288963442859,uni
0.017455412535825124,0.060992768997503,2.1440669098931104e-12,197030,0.00993284744026957,22805,0.9682427469547858,0.9582464158769549,wald
0.0175022384656115,0.0619514954817402,2.60650683666885e-12,179007,0.00926558477669371,19855,1.09298995052698,0.956891509550359,wald
0.035110565516806455,0.0630586099996875,4.871961307621959e-07,406,0.0232982249727093,80,1.59218649194178,0.9507865065707791,wald
0.030055921351544765,0.0725081541700087,2.68351836389722e-07,554,0.0220783258708851,103,1.69173234737128,0.942217033632817,wald
0.03298965522953696,0.0643715406943652,5.626598973107e-07,400,0.0280996596864418,93,0.714789707217616,0.9568597676086321,wald
0.0374929447934894,0.0573584481863307,6.919357454852321e-07,344,0.0218304070665341,63,1.37839769376679,0.957012217635999,wald
0.0310415323242189,0.0682135350331247,3.29618263020686e-07,505,0.0209642870185127,80,1.92412987452953,0.946138979909772,wald
0.03585240391055189,0.0616501729756667,5.44391637667696e-07,398,0.0204080528906907,71,1.34394127421747,0.955393526597583,wald
0.03287453514916946,0.0487258607637783,6.823339301054621e-07,363,0.029210398321171997,82,0.142902827897309,0.9715916272508008,wald
0.0317167257115655,0.0745658151581884,2.32997925895149e-07,596,0.0176149122683244,97,2.3032179079712902,0.9377995689361059,wald
0.031458921720463086,0.0663107742792871,2.55683274643561e-07,584,0.0220594871875121,121,1.5499865220103899,0.9484158854757521,wald
0.030512159302722077,0.0522995269331662,2.61998551978348e-07,560,0.0186655679210288,108,1.00472029458565,0.965442541738338,wald
0.017483397500986663,0.0612198900232273,2.8438826476435895e-12,171106,0.0108846863325802,21103,0.9814647538932499,0.95794897811598,wald
0.03214723119051847,0.0645299049036468,5.473475017353851e-07,408,0.0335478008910237,92,0.56439547965149,0.9585555340099621,wald
0.03857845247453941,0.0562088634557865,5.262187700958179e-07,402,0.0320177508842064,96,0.418959925824698,0.964095094278087,wald
0.03105233887773499,0.0703620235167437,2.88794482046132e-07,534,0.0215082972736576,95,2.1657914305373898,0.942069945714081,wald
0.031823769578407476,0.0647335818090713,2.9323332875113504e-07,523,0.0286857469937426,110,0.311702108440067,0.961352283495522,wald
0.02970798414213,0.0520365124802839,3.10807795369986e-07,508,0.0262367315312407,104,0.328084830413649,0.968649142668777,wald
0.029061869888514984,0.0622525596289503,2.71035494010832e-07,560,0.028427731782349,122,0.572598051609205,0.959675109960307,wald
0.03622975700275587,0.0764916601824955,6.958912332858341e-07,351,0.0256934653812851,76,1.51174518719419,0.940324340024305,wald
0.033769717709218744,0.0664396462357204,5.18885307956623e-07,388,0.0284524969989373,89,1.08056179448786,0.953103166476063,wald
0.03554068902016514,0.0620720918008917,8.5291678859344e-07,327,0.024972364130538997,67,1.0018354363957,0.955684350131508,wald
0.03600103587879008,0.0528357403199309,8.124401977261751e-07,323,0.0296535660229565,76,0.684602996394337,0.964646459947009,wald
0.017504257181819353,0.0612903985514868,2.39124754166381e-12,186711,0.008382230960119941,19411,1.03157966285635,0.9577170301771,wald
0.035762145284976066,0.0660111070721061,6.304436726530349e-07,365,0.0292268707647051,82,0.9936223129282991,0.9531059815699509,wald
0.017488724584986445,0.0600197265598826,2.89672808223539e-12,169596,0.00923437730907814,18877,0.934568116066265,0.9593341532038749,wald
0.017478184933312175,0.0608809623942262,2.1409061849846902e-12,197034,0.007847949834881891,19729,0.9736493108854091,0.958281483506081,wald
0.01748503533445772,0.0612217740081972,2.21413948566021e-12,193722,0.0119121075289798,25560,0.967152010214036,0.958067718157275,wald
0.017475810801945543,0.0609940821082825,2.3610031102164705e-12,187753,0.0106845204168918,22973,0.9743140644975509,0.958232291407582,wald
0.017492729438145106,0.0611763942905666,2.2781517988682996e-12,191321,0.00806104306951345,19367,1.03807124364463,0.9577353573342241,wald
0.017469311384953737,0.0608276899067355,3.14417885812898e-12,162886,0.00864855646612527,17309,0.9317342533598109,0.958692448002712,wald
0.017483831956561526,0.0611501951063343,3.5306881780238196e-12,153672,0.0124159153736601,20789,0.9316974053073521,0.958384340646784,wald
0.01749162518544277,0.0608561465708601,2.60284698376741e-12,178910,0.00900406540547324,19367,0.9994060039272908,0.9581312617523501,wald
0.017476629069713763,0.0615157203869572,2.62834834529192e-12,177786,0.008876125887273559,19241,1.0292776752858899,0.9575007984236129,wald
0.03515157489526467,0.0598366531170062,6.39992621637554e-07,350,0.0331620833524867,85,0.506137476070952,0.960273329783069,wald
0.028744352924398805,0.0445471700991686,2.65844072977034e-07,596,0.0367172318263794,165,-0.0524555173010826,0.975754589686547,wald
0.03017325350453557,0.0500734305819889,2.73813800720678e-07,543,0.0241708514186383,117,0.431506972881677,0.969651050513057,wald
0.03608249499461659,0.0416422431983361,9.612227668736749e-07,304,0.041398031361225995,83,-0.193141195116353,0.97906281291527,wald
0.03596237044617514,0.0555179189391462,8.023218725895991e-07,325,0.0335719028507528,81,0.277292838851789,0.966957037925518,wald
0.029782316015173615,0.0571603531696719,2.67001182759443e-07,570,0.0324791409977278,134,0.63316829978627,0.9615255604467929,wald
0.0319895185577459,0.0581778152742432,3.9229845344311294e-07,452,0.022537709579707993,95,0.821069455223736,0.962252627836221,wald
0.03456068753530596,0.0555158330409695,5.95080707788196e-07,364,0.0343681549337906,87,0.47491270557687393,0.965107929254615,wald
0.03340683980737451,0.0644425204997535,5.52907449920751e-07,398,0.0298966062278086,83,0.765465296885636,0.9562020014221271,wald
0.017517965405204793,0.061012574574363,2.3173338869980403e-12,189808,0.00815760622464242,19292,0.954167370653386,0.958407991485176,wald
0.03597910109410829,0.0638084660394626,5.790417525208089e-07,378,0.0277729852753977,88,0.5358453436294051,0.9604182836780909,wald
0.037978020410007876,0.05144028761565,5.914339126716e-07,373,0.0277580728888725,88,0.243872023829309,0.970648407434135,wald
0.03068138650003164,0.0616793636895943,2.40588601487103e-07,583,0.0334045158057309,152,0.498858424091409,0.9605056876949359,wald
0.0329644111877562,0.0597497230498192,5.27470376330727e-07,389,0.0319686294799974,90,0.72703023138563,0.9601574804180341,wald
0.03205768493425145,0.06106217987843499,3.14218561045302e-07,522,0.0271042780519978,109,0.564288388405399,0.9609869937758639,wald
0.035010593654009846,0.0609205824290152,4.98930201880089e-07,414,0.026470211675755,88,0.965327016133402,0.9580805634471941,wald
0.02964585773791112,0.0623326013324145,2.57377584079349e-07,556,0.0260296621766536,122,1.01650828567299,0.9549827430785179,wald
0.031617404717228334,0.0653975066645506,2.6885126725764605e-07,560,0.0246882373829795,113,1.03758387259486,0.953182853997886,wald
0.030305436342517058,0.0587764965277085,3.0753745478369197e-07,517,0.0232564903952776,108,0.759429153635062,0.961210483819158,wald
0.03017814376119171,0.0546740792855925,2.6664748894313605e-07,537,0.0248405155116624,111,0.8587638297045942,0.9629412583655471,wald
0.017473191011879233,0.0613025629421638,2.08425728624371e-12,199902,0.0101869268373151,23750,1.00548620130728,0.957736802469294,wald
0.030472843336648552,0.0592180630726847,2.62405146703488e-07,573,0.0212689114174007,97,0.905487507228107,0.9606517105803659,wald
0.02952670872369585,0.0553506659179693,2.2792122726642698e-07,589,0.032523631463395,138,0.31632295790757203,0.9674921294900909,wald
0.032746637424039285,0.0742778849614192,3.00154215736176e-07,534,0.0181291923813708,92,2.70268654119783,0.935291147756172,wald
0.036359933941526014,0.0778132956886946,8.44404549515133e-07,315,0.0285317564213799,64,2.05236493642804,0.934868200206282,wald
0.0333976499066213,0.067015444604985,4.48005491024339e-07,426,0.0250119264049582,93,1.4328071699250702,0.947713028508703,wald
0.03173086784769756,0.0630900918420267,2.59738754045089e-07,569,0.0222715334949058,115,1.1789925693049599,0.9544875237538131,wald
0.03141437637851077,0.0551751094599017,3.6714399178597396e-07,485,0.0231754347510736,101,0.9607168040333309,0.961782540724158,wald
0.03548650870161151,0.0546401334724583,7.219184349919029e-07,330,0.0385740206530197,89,0.425201323624794,0.9649281641583991,wald
0.02913165078779913,0.0618125252183079,2.4358366933670103e-07,588,0.0219684425380843,103,1.59860039947994,0.9508508400787871,wald
0.030445677651062195,0.0488173064492738,2.525392334802e-07,575,0.0274219311172498,124,0.15824476999568302,0.9719440574638921,wald
0.017488679729186878,0.0610537976846403,2.4495983673328902e-12,184592,0.009509924765626671,20853,0.9593765064039351,0.958245482823752,wald
0.030126796996489215,0.0669165883727009,2.77838298725035e-07,550,0.0274305856842761,124,1.1844992364383,0.950499237772385,wald
0.03296463021668237,0.0587083128638175,3.6190259925076605e-07,469,0.0244465604936871,96,1.1169828174771101,0.9580849155928929,wald
0.03247397953395637,0.049065450689231,5.02952107144662e-07,411,0.0314955758208532,95,0.10504148561414098,0.9727711369554479,wald
0.0364246922177217,0.0652144535561088,8.21005071003393e-07,333,0.0281382063064523,73,0.8607991668530258,0.9545093385851979,wald
0.03134673724978553,0.0570556717281045,2.9101991485963804e-07,535,0.0226074163542871,116,0.446705596578989,0.96578234178789,wald
0.0336417063378686,0.0449850356001575,5.99123410772589e-07,375,0.0335813795039608,100,-0.243954924107595,0.9792263199061608,wald
0.03461109628823395,0.0575902573552842,3.97192545698643e-07,461,0.0309872279225022,111,0.732308653256716,0.96186431193351,wald
0.03141502158832675,0.0673877289037501,2.4670273983247297e-07,577,0.0227525876023061,115,1.1290912532843798,0.95144243618478,wald
0.03863633280382233,0.0540585150940467,9.25603244477525e-07,305,0.0220541293056677,56,1.21589542539054,0.9617210145739241,wald
0.03232851959944915,0.0670939999238812,3.75354675141944e-07,449,0.0322155055798208,109,0.6695990450736229,0.955659455437613,wald
0.01747814355382281,0.0613140357384331,3.1627528728533e-12,162116,0.0104198921870207,19429,0.9955389998678771,0.957814933473105,wald
0.03552198296688784,0.0593314634112297,8.56922197288472e-07,325,0.0222729516367464,68,1.4556146853771899,0.95595932151566,wald
0.03075354783772204,0.0665775630118416,2.68838309250859e-07,528,0.0235390703309332,116,1.3408095554599901,0.950468340490057,wald
0.037999396056105535,0.0742097931987843,7.318076318827501e-07,339,0.0142653985721011,48,4.75549860985134,0.931185622162909,wald
0.03647169979533107,0.063024953082394,7.585499850356849e-07,339,0.0327510884781501,86,0.591594548099501,0.958897141541753,wald
0.03298509047725974,0.0695393799686827,3.63287186810627e-07,482,0.0268045502139486,97,1.50201036926208,0.945554478397986,wald
0.03650440175590829,0.0602050979693703,7.314296011091771e-07,348,0.0338863472863547,82,0.131777610278178,0.9648434079029141,wald
0.03558901136025225,0.0529752614543126,6.13736655954506e-07,368,0.0283476524097782,90,0.6899841239758511,0.9646508396067249,wald
0.031059537909321176,0.0751414608103818,2.3282760485666e-07,596,0.0194659384104722,90,1.68178489205495,0.939749775929455,wald
0.030110865369385537,0.0703681252548459,3.02475149456076e-07,520,0.0340911951534375,126,1.1314490708792901,0.9476888292466441,wald
0.03142699858204077,0.0661696222233756,3.3038684702148497e-07,493,0.0260423458139627,115,0.9955923196638209,0.95408731423869,wald
0.017474405994522657,0.0614244065351861,3.0524319533464303e-12,165387,0.0108245562596676,20296,0.990572268056271,0.9576899410530441,wald
0.03751939698938473,0.0815115401531899,7.11236065261138e-07,341,0.0273719118304087,73,1.87031531189284,0.932798030944465,wald
0.03430770256425228,0.0740419239583249,4.3133442507008107e-07,427,0.0237465089852774,85,1.06001308787688,0.9474478876725791,wald
0.02906581730693458,0.0562417308439108,2.42241965160676e-07,584,0.0189385899998753,96,1.2115829783434198,0.960968767550756,wald
0.03886728422388538,0.0665717107100283,7.188946456110858e-07,342,0.0341437981800012,80,0.7553610898060821,0.954167868493292,wald
0.033108227107712,0.0706572210842523,4.35463148490406e-07,452,0.0250020386087571,86,1.3757996603563,0.944118194801008,wald
0.04059843194231224,0.0535489716013636,7.867174571533641e-07,332,0.0263882245036647,63,0.665890801293531,0.963846696575754,wald
0.02925138097045608,0.0530363828941872,2.31842225622048e-07,596,0.0277343809235171,137,0.314613429979544,0.9683100726156741,wald
0.033732241750688424,0.0667301609765794,5.22895975671523e-07,391,0.0333431184349457,98,1.02696418000051,0.951750340101154,wald
0.030929015554982328,0.0623121588032663,2.75240907003359e-07,547,0.0268589093727338,115,0.6345774464881321,0.9599182490877509,wald
0.029932147611898496,0.0636441787809644,2.64614070063185e-07,579,0.0264480772183247,120,1.00109971395996,0.9544933544439108,wald
0.017465551783445218,0.0614589770099052,2.26919597966647e-12,191552,0.00871645872117319,20559,1.07044740658833,0.9574242809831941,wald
0.03189193299778623,0.0618278705818693,4.10665721143977e-07,451,0.0319027685003863,111,0.271371196470537,0.9638937352020469,wald
0.03140708947732618,0.0602889704587869,3.43478727514183e-07,475,0.0283404413039377,112,0.294807996566297,0.965732050806147,wald
0.03662640073771469,0.0586901702223677,5.35745611190612e-07,389,0.0194642210271973,61,2.19991595434955,0.950823388567967,wald
0.03942887816529968,0.0510493102929234,6.58854315039085e-07,359,0.0240440479624729,78,0.61081660381977,0.9665977989023109,wald
0.04075082283052217,0.0489912173848043,9.982355410832529e-07,300,0.0357029525230081,82,0.223648765860183,0.970896543523027,wald
0.029551530947804886,0.0470974174009141,2.4153455749815e-07,595,0.0229378476082247,120,0.199938291692346,0.9740144644147751,wald
0.03530746865769189,0.0504664732443115,6.936899399112779e-07,348,0.0352864264917003,102,-0.161578745608092,0.9743730452065541,wald
0.036867604101520214,0.0729610277072245,1.0420096948622801e-06,299,0.0364668618737516,71,0.981897277386412,0.947681572732715,wald
0.029240214935555398,0.0520410380684414,2.62178430849331e-07,573,0.0234943797218758,119,0.39718935079217604,0.969360768392832,wald
0.03345311262458796,0.0651928889286761,4.13111432429286e-07,453,0.0300309868675925,117,0.7007844072652472,0.956602906288024,wald
0.01748160292248145,0.06176072770008301,3.4290003606531798e-12,156085,0.0103131718185046,18493,1.01462662348472,0.957330431396766,wald
0.03854681499842177,0.0678716591350415,9.129730030464659e-07,312,0.0265935895541633,63,1.1033784076633302,0.951049339507765,wald
0.0315895219848551,0.0659034315562167,3.27273511029378e-07,486,0.0292339994629365,104,1.0180258645945999,0.953130757685489,wald
0.02835674496681774,0.0648266769996285,2.57586056277738e-07,569,0.0340890179539515,138,0.394668879499814,0.95983242965122,wald
0.030146366112175405,0.0669598041510353,2.92008576070924e-07,543,0.0257956772311233,113,1.07979925525717,0.9518342687062711,wald
0.03501124244894635,0.0496399001130153,7.82722730787823e-07,323,0.0394882809799523,96,-0.006336698720724071,0.97300880937976,wald
0.03180874462335332,0.0716313353036075,3.0156779081283e-07,524,0.0201391507234227,113,1.4289109646115699,0.9463448335575371,wald
0.036565821352881014,0.0610548757307385,5.03420757971595e-07,395,0.0197647955634146,63,1.9387762921336698,0.9510585292005459,wald
0.03811549602404412,0.0655224845359515,8.702257987083401e-07,310,0.0300585660007201,68,0.743822119194619,0.9552710282527171,wald
0.03403123752104503,0.0751699524709668,5.02162636037842e-07,409,0.0188475414740898,67,2.11510731305533,0.9386829445587891,wald
0.029791939823683757,0.0610138769172896,2.4062913701929806e-07,586,0.0230002797042352,111,0.8466953388830791,0.9591194976470641,wald
