name,nn,nnr,ir,lr,mvr,spline
beta_1,0.024490005216372505,0.1662432265274069,0.3661900360263445,0.9001356238698011,0.25311991996722105,0.35900457265571095
beta_10,0.024469491914481327,0.16919464321855232,0.38198938803460303,0.9002121471558432,0.23883204479880005,0.28281466801653815
beta_100,0.1168490097923362,0.18483972754662822,0.48812282067959,0.9530214424951268,0.3177697593918605,0.8666731172174854
beta_101,0.10400800958370227,0.18676206896253317,0.48281811639017613,0.9440217391304349,0.3663295076519133,0.8133847928604012
beta_102,0.11365692454369022,0.1880127885208011,0.4419052647750594,0.9912790697674418,0.3063892566688396,0.8749476817666311
beta_103,0.11650347026887828,0.18734284735442253,0.5112272183863492,0.9824712643678162,0.3262963310639605,0.8401436760018165
beta_104,0.11460019575181077,0.18621846523992786,0.4875493762082611,0.9645598194130925,0.30562624022076423,0.8564172323414322
beta_105,0.10774080495394199,0.18791600978318257,0.4705954327861306,0.950326797385621,0.32020828306559557,0.9077874078339799
beta_106,0.12088623154076877,0.18372875752754364,0.49741118112906724,0.932172131147541,0.31413695754874715,0.8175926231380183
beta_107,0.11059749841367353,0.18817076806569116,0.50020255163581,0.9619631901840491,0.3333520532686193,0.8285657758351519
beta_108,0.11098313886207092,0.1866852640161363,0.48144783462749985,0.9269372693726937,0.32804460440064287,0.8736378819388654
beta_109,0.11734687836284499,0.1844840977894971,0.4780413601508222,0.9691001697792869,0.2970578580194591,0.822891648993423
beta_11,0.02446511316274453,0.1682643225993287,0.3837775961497133,0.900210937363806,0.2390781699652837,0.2593437751296993
beta_110,0.10378084398607229,0.18536943959235366,0.49877033339602006,0.9682080924855492,0.31991451102445406,0.862204962576124
beta_111,0.11485659289720862,0.18729810045893888,0.47847940814553125,0.9729651162790698,0.3178267702222436,0.8529205392624255
beta_112,0.11612587602711329,0.1887150433967258,0.5093776409025329,0.9672413793103448,0.3017826390318067,0.8874254668999678
beta_113,0.10402162277084098,0.18404730471437555,0.46500483912247226,0.9329501915708812,0.3264008443792924,0.8332020271034004
beta_114,0.10786336912259481,0.18546037054836226,0.4877271190742213,0.9814726840855107,0.3335601640793171,0.8315171365262455
beta_115,0.10209547289723676,0.18586573750008537,0.46850665821028725,0.9715639810426541,0.32184031762527493,0.6171038836295498
beta_116,0.11102740748126054,0.1872198418641561,0.4966524954649705,0.984319526627219,0.41343520419224966,0.8639494742894811
beta_117,0.0328272973766121,0.18725502391120522,0.4882437511191908,0.9603260869565218,0.33991599317608934,0.8369201023568925
beta_118,0.11292038239906052,0.18453577728152434,0.49924340448525595,0.9629156010230179,0.31689883907905214,0.8749331431680083
beta_119,0.10034255987674202,0.18627302471840446,0.47872318199430963,0.9629067245119306,0.3172631945646051,0.7806598897895018
beta_12,0.024464478280140468,0.166140564074834,0.3815055262654984,0.900176142711061,0.29591637349796074,0.29906346143143714
beta_120,0.0907348267028901,0.18755174419247428,0.45770227715387457,0.9718550106609808,0.299777806401,0.8424340437158759
beta_13,0.024005401983200243,0.16947686099266468,0.3992590339968334,0.9001326182350073,0.3054580585524772,0.3165522767385125
beta_14,0.024210755291776038,0.18163943585253062,0.4836786516911248,0.900148790200407,0.2901446800595039,0.2713605908585116
beta_15,0.02419036943865779,0.1696046352288795,0.39307509718025424,0.900092639980306,0.24879068726832798,0.34518240999626304
beta_16,0.02421099151613097,0.1680548400081856,0.3815512994128579,0.9001212525387251,0.25951750662150885,0.2747125831052235
beta_17,0.026490384480537903,0.1756599679901098,0.4364464818840458,0.9001346163958563,0.27642480109047773,0.28618384613569
beta_18,0.024229271380706522,0.168965407845681,0.3910314430724149,0.9001152514068316,0.23975327554801434,0.24627469166746901
beta_19,0.02648116409212682,0.1691230908916094,0.37635124299357503,0.9001125055767851,0.2489309286844344,0.30999323212089014
beta_2,0.02405894149271032,0.20039362467627464,0.6280411391640397,0.9001099683376188,0.3845074046884372,0.37881769787170105
beta_20,0.024027567560976272,0.1685295666639548,0.37936906676128035,0.9000891848504667,0.2586333335073798,0.3733060204218639
beta_21,0.026324043466137387,0.18722720758694603,0.48693440374034946,0.952452025586354,0.34899063772608063,0.7921396403274357
beta_22,0.04091291551638403,0.1862526355544478,0.4910645329262048,0.946057347670251,0.3063646353093457,0.851648033663662
beta_23,0.10985602803056924,0.1867137635184435,0.4940074581602826,0.9437627811860941,0.3147277399892881,0.8277340256215795
beta_24,0.1084355198949945,0.18697418684132097,0.4826967599546922,0.9612826603325416,0.3217929051930978,0.8427919597857454
beta_25,0.11491272697066354,0.18608264062678737,0.5022316942436408,0.9813953488372094,0.3628801105371259,0.8650144680716412
beta_26,0.11441354362407273,0.1879438453471,0.4832113078325463,0.9518248175182482,0.3295872442383698,0.7360105221639842
beta_27,0.10821900975751453,0.1865767516137018,0.46930160007624644,0.9607792207792208,0.36070256961530583,0.8326660864176458
beta_28,0.12371430353221392,0.18366818436779275,0.4933472122214305,0.9858638743455498,0.31394074456915544,0.8279168926340791
beta_29,0.027839999829002274,0.18483760535975405,0.4796216813003743,0.9361940298507463,0.32736904091188823,0.8054133920503587
beta_3,0.02416412230053319,0.1671042252628055,0.3966608597108857,0.9000645085256701,0.24498498721104928,0.2864200284642203
beta_30,0.11418007218245993,0.18837804955762244,0.46871770217965425,0.993193717277487,0.31708981422551363,0.8494701994252399
beta_31,0.04244756207345977,0.18629287339795006,0.4784262639203902,0.9478,0.3296067965519874,0.793173878176104
beta_32,0.10529723674695751,0.184161517869467,0.47471983015047914,0.9596916299559471,0.30098700918061505,0.7735685237407502
beta_33,0.12195137413174781,0.18880999244563795,0.4998599028524694,0.9940983606557378,0.3194256774001554,0.8598130413029961
beta_34,0.03059788520729531,0.18683163196004424,0.47859792619687724,0.9477678571428572,0.3050624671841704,0.8087965662599658
beta_35,0.10422851713327065,0.18888184425829604,0.5038392668607182,0.9272251308900524,0.3269351353214451,0.7555465912644693
beta_36,0.11108588423880347,0.18552822087632206,0.44449507059409665,0.946911196911197,0.34519223580612224,0.8385497953507431
beta_37,0.10977324291787278,0.18762670780458884,0.48917782189507775,0.9853932584269663,0.31923571369947895,0.8337850880751602
beta_38,0.10330764974446481,0.18463459379221608,0.5104214287723333,0.9809782608695652,0.31606285763327124,0.8944057382451813
beta_39,0.11057850275062264,0.18848061290035373,0.48486402702258147,0.9593167701863354,0.34899063772608063,0.8641264844850142
beta_4,0.025688867248225986,0.16893119194977677,0.3862867373454648,0.9001184455209826,0.24763626908605998,0.2629931180143199
beta_40,0.11875484705640252,0.1866543620465712,0.48587198992522307,0.9790273556231003,0.32451041006065323,0.8037036283126789
beta_41,0.0981064922549115,0.18524216642685332,0.4674033041356208,0.9488207547169811,0.3841844605813511,0.806240331290022
beta_42,0.030664102989871184,0.18763597370114513,0.4949011854921481,0.9914507772020725,0.30451643962453845,0.8431230734427488
beta_43,0.11988271784920818,0.1837828640567223,0.47808955540927944,0.9587136929460581,0.31696811333601327,0.759029652155776
beta_44,0.08903952663864814,0.1832689527566192,0.4711165946016065,0.945393634840871,0.32938894740693514,0.7768463892140076
beta_45,0.10683646068770275,0.1850693435560593,0.4775469135091893,0.9526699029126213,0.3052186809517684,0.825130755699151
beta_46,0.11848233297011576,0.18539831370164953,0.48367639287642805,0.9545144804088587,0.32768830022789097,0.8104827181102894
beta_47,0.10224812041158121,0.18577892211439961,0.4667168618122559,0.9580498866213152,0.2982283543277262,0.8288979080620996
beta_48,0.029847521754307823,0.18684530748077907,0.4770873859932373,0.9505030181086519,0.31313069964624796,0.8464040397753251
beta_49,0.03017004578608231,0.18784331247982858,0.4924205833465395,0.968139534883721,0.306649243509142,0.8290577108231747
beta_5,0.02402873934333953,0.1680040754894263,0.3865798026491384,0.9000880619127047,0.24243731477410657,0.34148835068337874
beta_50,0.02949582955072326,0.1862377271502208,0.4454021935780589,0.9716312056737589,0.33300653433338107,0.7937033822735259
beta_51,0.11261048067833695,0.18802758669391942,0.37021271580374815,0.9774853801169591,0.30703337230603645,0.8236714468858144
beta_52,0.11127758293934815,0.1853853723183148,0.4768075307097944,0.934,0.2980682412191876,0.8101866178879529
beta_53,0.10803797969173204,0.18716562795923344,0.5020087756815723,0.9588383838383838,0.33469830966670566,0.7999393390150503
beta_54,0.11556914476580754,0.1868294501150875,0.49925808392885795,0.9511035653650255,0.2928298758454433,0.8387886302848808
beta_55,0.11850355327160486,0.18738649335018168,0.5006183486126772,0.9248447204968945,0.30715938203162785,0.8380736900051149
beta_56,0.10432545519321237,0.18780141338794973,0.4920553251071109,0.9601398601398602,0.31102887515319005,0.833007716872117
beta_57,0.12551743108665747,0.1860971205276914,0.4926895090199992,0.9847826086956522,0.30608663496354627,0.8551594762981634
beta_58,0.09327368911181132,0.1853536648412202,0.4688804775401434,0.9683628318584071,0.3111846614387789,0.8271220348555858
beta_59,0.09901671910668786,0.1860547311385353,0.480529788723962,0.9882494004796163,0.3118209493995199,0.7918651179321071
beta_6,0.023980790714353554,0.16719055793643298,0.34718000214269984,0.9001540245114277,0.2153640338812819,0.24552839827645662
beta_60,0.11018276608900657,0.18666105583768872,0.4929350853596014,0.9699481865284975,0.3141664069642971,0.8223155848392499
beta_61,0.1170909225874951,0.18541810356101943,0.471235539047434,0.9658854166666667,0.2996620134592548,0.8027059754002411
beta_62,0.11661619753741925,0.18659539700357114,0.4498379006919173,0.9446952595936795,0.3169139866061579,0.839627056004324
beta_63,0.0993403963562074,0.18601407504234785,0.48250337752018924,0.9395910780669146,0.31910923877343983,0.7863732515757234
beta_64,0.1106945899606534,0.18668898141330514,0.4827037092372991,0.9709359605911331,0.3041434473602662,0.8119353776116034
beta_65,0.04370945728925556,0.1885515228401679,0.4504947924391105,0.9717948717948718,0.3349092063374559,0.859819292366455
beta_66,0.06449574250118417,0.18644395066540123,0.48614795775876096,0.9512875536480687,0.31693086682313243,0.8263032629916812
beta_67,0.0970029740847517,0.18439240362265388,0.45941634594849157,0.9381461675579323,0.29869988029398675,0.82303768703416
beta_68,0.09961551757435542,0.1811795802916214,0.4818591061994183,0.9713968957871397,0.29989289769738103,0.8603368672555591
beta_69,0.02893931519162788,0.18599977818203645,0.49730584529640454,0.942737896494157,0.3368784188026721,0.8420982499479468
beta_7,0.02397195206628296,0.16552469067224723,0.3630209243027738,0.9001578711131978,0.2562956189183554,0.33164560721065384
beta_70,0.10108480830122879,0.18486729532580448,0.4685893883999387,0.9543599257884973,0.3672132626965495,0.8354186191968732
beta_71,0.1061656132272813,0.18748315343585842,0.4945114626826719,0.935929203539823,0.36632800904473295,0.8636230378542968
beta_72,0.09595159189043842,0.1823347098510823,0.45789352923696014,0.9603351955307263,0.2932038626179384,0.7824215339468117
beta_73,0.11840603190043515,0.1918070285313026,0.5202890166432312,0.9686900958466453,0.3257436680088097,0.8805244265177344
beta_74,0.0890996717501334,0.18410779138876704,0.47877671151753487,0.9466960352422907,0.2861779087680395,0.840301057655029
beta_75,0.11288197055772338,0.18695514200421054,0.4833260638646161,0.9690531177829099,0.3162811274920777,0.8419821889670397
beta_76,0.11698110549682054,0.1878176060183231,0.48805188399728405,0.9518518518518518,0.33605930157870884,0.8435319596964291
beta_77,0.12137270536681168,0.1860359883351248,0.48792681213026057,0.9816666666666667,0.3150665162240057,0.8362812590159885
beta_78,0.11621601746489149,0.18687777832903424,0.4780542239949861,0.9858490566037736,0.29689578600520383,0.8402359603014313
beta_79,0.10695177206739365,0.18699838444999087,0.46718515852687625,0.955181347150259,0.3154939431302264,0.8524734115608473
beta_8,0.024430615245029437,0.1689875719685538,0.3930131051601573,0.900095316688097,0.2408166455238758,0.3417445071322013
beta_80,0.11092324420285472,0.19132713987634867,0.523525693723834,0.9666666666666667,0.3323211882566896,0.9001047654836604
beta_81,0.11432082804461288,0.18723138902279984,0.47428421434386736,0.9475638051044084,0.32738394851040203,0.8370412097842831
beta_82,0.10954817884359459,0.1857762046783271,0.4727638929268856,0.9208112874779542,0.34343501042848423,0.7417884582154523
beta_83,0.1091869643097836,0.1859793407662159,0.4274883539131069,0.9769886363636364,0.33101581113877354,0.816260062330282
beta_84,0.10747170192481155,0.18638306661413076,0.4755400768686864,0.9744125326370757,0.2969362357426485,0.8352470813774827
beta_85,0.10147432952244848,0.1835255505362631,0.477898767445633,0.9625,0.3231200368469904,0.7569623002192047
beta_86,0.11521807949703244,0.1871238692657451,0.48857430789797485,0.9713942307692308,0.333833498235224,0.8630823198086528
beta_87,0.1139095955734579,0.18714038907316474,0.4872648650049758,0.9652956298200515,0.3068353887377523,0.8543630965032967
beta_88,0.10230935667892024,0.18801247405538568,0.5008512858825772,0.976123595505618,0.30666959878591327,0.8259506236053705
beta_89,0.12096302839124819,0.18655699515789737,0.4849338197831712,0.9473347547974413,0.2957090116164976,0.8032230576150023
beta_9,0.024277661328171076,0.16658495224264463,0.39024607490604335,0.9001307766324486,0.25482044596811826,0.2604462155182741
beta_90,0.08668759834944435,0.1873553649805963,0.440262639919218,0.9602898550724638,0.3290940066488801,0.8267098562950164
beta_91,0.10268986347723424,0.18455751550345345,0.4602938170402793,0.9348639455782313,0.3034539542475421,0.8180726705957825
beta_92,0.10687808831571904,0.18448548767077771,0.3830033414906141,0.9794411177644711,0.30469910616171786,0.7335114413025103
beta_93,0.09194135613628163,0.18508480541828645,0.4702240791542036,0.9537473233404711,0.3293969782801731,0.8215736018805205
beta_94,0.10845459998674375,0.18673187644627615,0.482289897388233,0.9348258706467661,0.3144333363626344,0.8450979444089464
beta_95,0.10271039573212774,0.18668039285625207,0.48226954537675404,0.9611111111111111,0.298137607878747,0.8152614839851641
beta_96,0.028763362654517684,0.18666075903334772,0.48546765712139883,0.9573964497041421,0.3081958755077795,0.7483473190760328
beta_97,0.07519956163915827,0.18623177649699812,0.4912394016317978,0.9506880733944955,0.33450086305930987,0.7578944006082123
beta_98,0.10890626398600681,0.18810838863648197,0.49284104464777767,0.9727272727272728,0.3100499916729918,0.869195015524918
beta_99,0.10915411343021006,0.18833473431731826,0.4939842216096182,0.9784222737819026,0.3344277239526371,0.8441072371504048
logis_1,0.024012171824507045,0.1685902573710363,0.3885681139543259,0.9000418400316125,0.20569071088458848,0.3680478108341836
logis_10,0.0239810344801934,0.1665409689019994,0.3768244427488918,0.9000377796515512,0.2219399767989758,0.36019879728528625
logis_100,0.12476987069679138,0.18460195169804358,0.4627307627992968,0.9136363636363637,0.3118758302439893,0.7927538377120986
logis_101,0.12649086683047023,0.1846568611142263,0.4573144641065062,0.9123861566484518,0.2918406942497574,0.8069825464009186
logis_102,0.07036371278219555,0.18523202574823758,0.4783950865766671,0.9172995780590718,0.3353354740041647,0.7688871826348497
logis_103,0.12646249951014144,0.18267660059843313,0.4636897379682555,0.9134171907756814,0.29694451162637536,0.7320963244208457
logis_104,0.12466761822340644,0.184860182846459,0.4862637638659917,0.9180803571428572,0.327220292319895,0.8005175488558879
logis_105,0.12170875185655894,0.18443785541963859,0.4722010681559574,0.9130681818181818,0.310081164132953,0.8175974409902579
logis_106,0.08378038626308315,0.18444225743480486,0.4708532162958561,0.910752688172043,0.29861264261590176,0.7405499915766839
logis_107,0.1260691348175669,0.18215789094491935,0.40845187813668415,0.9155709342560554,0.36625940870013385,0.6971692746813118
logis_108,0.12640440567452313,0.18410398272254574,0.4583579405784125,0.9104672897196262,0.3051849341048862,0.7957098079127438
logis_109,0.12595535706019242,0.18259351539916555,0.3862239945572432,0.9143790849673202,0.2965409471727761,0.7284745089952084
logis_11,0.02653408466234912,0.16662352151140128,0.37350479435857187,0.9000244805532606,0.20871589162869955,0.3701260117463778
logis_110,0.12638370579151698,0.18667177886535255,0.4845537719782975,0.9106960950764007,0.31741587810056937,0.7464647708993871
logis_111,0.09571413522064232,0.18420514379765363,0.4192438021395163,0.9210389610389611,0.31040040695273363,0.5984009074178361
logis_112,0.12573621808829155,0.18623168212999475,0.46352442543956374,0.9217125382262997,0.303130067610236,0.8234797330881248
logis_113,0.12466581389308842,0.18456937164405976,0.4392992426367569,0.9167130919220056,0.34996519418934546,0.799384956623343
logis_114,0.11535737868678922,0.18422120102102163,0.32743306864214605,0.9120503597122303,0.3223117966873024,0.73207622173423
logis_115,0.12632923358033993,0.1810944151682804,0.3403988026342203,0.9224,0.3175321990891373,0.5841552357732408
logis_116,0.10669182035410853,0.1869999604597049,0.5376232858491955,0.9125,0.34750783719009165,0.6585467717220396
logis_117,0.09830216177734487,0.1806433975388841,0.3728306059343396,0.9099494097807758,0.2967726265708694,0.6630805775281661
logis_118,0.04152633221666831,0.18238928807626636,0.39073306921547424,0.908529945553539,0.29240063075320927,0.718740849024583
logis_119,0.12606890868042417,0.1811078685633347,0.46011361025664643,0.9140625,0.3046329027006286,0.7434232724479731
logis_12,0.02580987821448609,0.16595771366246087,0.3663000414919104,0.9000416621098735,0.2175833269357987,0.3656954544263925
logis_120,0.1120520804224419,0.18724611984536085,0.4798362799333391,0.9260869565217391,0.3450754737175218,0.841412693091685
logis_13,0.02456471060817258,0.16709765237218505,0.38002301910417446,0.9000317779472602,0.21690206009707388,0.3662956843170684
logis_14,0.028680534801159882,0.16472490006907453,0.3688091675740296,0.9000445533526398,0.25407105904463334,0.3618633353463019
logis_15,0.02396172942239591,0.16561664015678068,0.35999873682032546,0.9000330157259115,0.21546951293486596,0.36196778807582497
logis_16,0.02408102825014166,0.16645274668826726,0.37174495426839527,0.9000440646792858,0.20500187367044448,0.3636025573636711
logis_17,0.02403212613177608,0.16771769527549513,0.3829195651892122,0.900031021252279,0.19239213574821998,0.36332685343648474
logis_18,0.024030244852271964,0.16741709668901222,0.3747321529598412,0.9000459320981266,0.17357852313482433,0.3730222457092054
logis_19,0.024916213214676804,0.165126847822052,0.36489186111005734,0.9000330305532618,0.21743548382196912,0.35864652900513005
logis_2,0.023497733897603477,0.16669528757129826,0.3788787978726962,0.9000332069327506,0.22465185694483783,0.36226643145622517
logis_20,0.025123621141050746,0.16647018682734915,0.3628046902048653,0.9000433873944342,0.2000085142575344,0.3652949319150707
logis_21,0.06070852267083014,0.18446216995539688,0.4683635048082021,0.9100671140939598,0.3401512695401753,0.7849995181408466
logis_22,0.12430777277657089,0.18470094214626406,0.4695103258258503,0.9127937336814622,0.290116536875396,0.8037339428756385
logis_23,0.12371684068648332,0.18591519637754267,0.47960480568309904,0.9138832997987928,0.3062383793117315,0.8399457868195587
logis_24,0.1261205327059107,0.18323791019407026,0.45793260299267424,0.9130217028380635,0.2883970661390435,0.7952914301452877
logis_25,0.12611414232739118,0.18594307032670987,0.4725672969669158,0.9157635467980296,0.3108343968531471,0.8100823196563032
logis_26,0.12409763275752123,0.18660346764433797,0.485147854157261,0.9170854271356784,0.34024786516645544,0.8074582363692498
logis_27,0.12265845781810894,0.18544365734681983,0.4813401060466034,0.9130584192439862,0.33918714848007964,0.796992949977649
logis_28,0.0674795434630716,0.1843983288300428,0.4701510649974284,0.9156729131175468,0.3464739276703033,0.7586868388277961
logis_29,0.11139958216560372,0.18425382180911326,0.469480414487378,0.9189616252821671,0.3240704212304323,0.6280934732494053
logis_3,0.023958710907920528,0.16670172511297143,0.37293957813047107,0.9000331712253675,0.22251039699609262,0.3706809873911019
logis_30,0.1260570895546405,0.18650870498971794,0.4779251088704799,0.9148936170212766,0.3098889452784736,0.763390046976314
logis_31,0.12605414867618556,0.18833790221785185,0.4921228386710942,0.9244299674267101,0.3191195618237585,0.8591486188175496
logis_32,0.12274351915010621,0.18138490713705183,0.454996296375364,0.9198757763975155,0.31649816632552147,0.7678696262959177
logis_33,0.12602904563102613,0.18197969096680666,0.4673997377464014,0.9111692844677138,0.32326367199133305,0.7640464095991951
logis_34,0.09623467147542618,0.18496024413468978,0.4684966263206777,0.9122340425531915,0.2944626823302704,0.8097171678132612
logis_35,0.12215302431743212,0.1852442002908196,0.4719555296373128,0.9130514705882353,0.3260546533867872,0.8288978468304584
logis_36,0.04237520297870512,0.18796254764310658,0.4699719814823621,0.908347245409015,0.33436012832075745,0.8857023885307209
logis_37,0.12551258923719155,0.18722816219951524,0.5116354709507384,0.9120987654320988,0.3229226032772492,0.8767722126440919
logis_38,0.11841604124070665,0.1806221601223333,0.4256627860423077,0.9134969325153375,0.27963827782169415,0.8178786997042965
logis_39,0.12449588427918618,0.18563024174212117,0.4581220334450622,0.9227810650887575,0.3086992213614821,0.8089454188423998
logis_4,0.02429146353850996,0.16521912527788335,0.370882973041573,0.9000404953217247,0.21839906545518636,0.3571713937677129
logis_40,0.06802846236783033,0.18512777927129367,0.3986484384198694,0.9151982378854626,0.30541945261955045,0.8124552347051959
logis_41,0.1259658171974854,0.18858995849175905,0.5221448445416623,0.9143724696356276,0.3589741693086456,0.877812696749542
logis_42,0.12319120492969307,0.18671427270636842,0.48769885807837854,0.9125,0.3177542307396512,0.8416172528043673
logis_43,0.08838624389576141,0.18218250555879167,0.4717366747755187,0.9091836734693878,0.2983715156941241,0.830117861894622
logis_44,0.12592778304271077,0.18439132322400575,0.48028838556691933,0.9146739130434783,0.32449594218780475,0.8114134920831418
logis_45,0.0727159793123737,0.18606885932070136,0.463302860724495,0.9125615763546798,0.3136643094133754,0.7759392455015479
logis_46,0.11739565021089268,0.18838563785607176,0.505528983092971,0.9130681818181818,0.3115185848277102,0.8861472371307348
logis_47,0.12228992987588796,0.18398487629372728,0.4587049045716798,0.9155756207674943,0.29710927317120367,0.7950231314636693
logis_48,0.1228156775840514,0.1848101565893288,0.46212798642136377,0.9092391304347827,0.3141619452664377,0.8191739064612952
logis_49,0.12121974228261902,0.186834027924087,0.39384108852584665,0.9176666666666667,0.29886194356799656,0.8304925776952035
logis_5,0.02409132928118617,0.16588698138079724,0.3352553301234745,0.9000371948332996,0.20351610144943266,0.3782306929296585
logis_50,0.1208463436443068,0.18489944161111646,0.4769546553733174,0.9103986135181976,0.34941537431357456,0.7995253837140769
logis_51,0.12586199976484072,0.18595371167476737,0.47311901858973027,0.9171497584541063,0.30888665115403946,0.7694268541490678
logis_52,0.028522141901533436,0.18614961483765727,0.4419372795433173,0.9203883495145632,0.3363814426194617,0.7468141227511261
logis_53,0.12474618281753966,0.18768458155982495,0.5515545696113415,0.8882460608466836,0.3337733894287319,0.9448784983647832
logis_54,0.12060322322900846,0.18620176853538078,0.4598388383921169,0.9232984293193718,0.3080373206247895,0.7922021886456349
logis_55,0.12325449427855387,0.1835819099433808,0.47273491655571087,0.9176587301587302,0.3176333017178564,0.81109363532569
logis_56,0.12423237057443726,0.18236858818393273,0.44804779055212207,0.9139329805996473,0.2930931528740478,0.816415416187557
logis_57,0.06996923372925024,0.1835106112296414,0.47326152515149866,0.9128014842300557,0.3089512318265523,0.6857507934931922
logis_58,0.07197792402213424,0.1851614655717461,0.47120667308604236,0.9144144144144144,0.3310843186430555,0.8031401911772185
logis_59,0.12287174342472308,0.1841879835081876,0.45977178149818276,0.9123046875,0.29787859716835785,0.5628047525047424
logis_6,0.024023919073463035,0.1659020095334749,0.36552081627861377,0.9000333409853628,0.20688343703963025,0.3524140182757657
logis_60,0.08242010355562425,0.1869026557013537,0.47385020505054865,0.9176795580110497,0.3114662997426627,0.8234202127931636
logis_61,0.12236117560045981,0.18508231496926944,0.4515489002638634,0.9144356955380578,0.31066736378221005,0.8037774656836328
logis_62,0.09864340925998777,0.18426149927917748,0.4647086521557069,0.9134751773049645,0.30079291270291036,0.818233376998026
logis_63,0.12576075162839329,0.18547625546117014,0.4669869978066221,0.9230555555555556,0.29504219492959216,0.7761285680027571
logis_64,0.12299822413145979,0.18447423096402019,0.47506676918723023,0.9142857142857143,0.30746027708247486,0.7643107869645794
logis_65,0.12458959742276579,0.1888697902295621,0.5071014946199699,0.9125628140703518,0.312501479656294,0.8162460104526447
logis_66,0.1254313733610642,0.18553204735006612,0.4351735987617572,0.9337461300309597,0.30031783294116954,0.8044314827177342
logis_67,0.11488048225413396,0.18585959768728774,0.4743202612268749,0.9131348511383538,0.3248746615503749,0.8359548023401248
logis_68,0.11150058740519575,0.18526262252939146,0.48763846426521074,0.9119850187265918,0.31396291768303597,0.8369861501595728
logis_69,0.1170090730917089,0.18277234815180352,0.4598562520397481,0.9144295302013423,0.31810418506190313,0.7864736945106257
logis_7,0.023958957985677685,0.166136090395277,0.34812390663596227,0.9000372352804282,0.23188910501839108,0.36767015668739855
logis_70,0.12570640106250386,0.18644924355484477,0.4596770649430869,0.9152974504249292,0.30697444123400464,0.8306428711255895
logis_71,0.11739588395114968,0.18435147576844146,0.3925117907575457,0.9144404332129964,0.2932877017380612,0.836450995524073
logis_72,0.10843723302414787,0.18625511068380068,0.47068614243449225,0.9148936170212766,0.30732987273714263,0.8155148489563775
logis_73,0.09244746807022863,0.18758893655279044,0.49262294333972967,0.9172972972972974,0.3823394324090304,0.8482525433735866
logis_74,0.06547425264165599,0.1828367359672498,0.4724836042856706,0.9222448979591837,0.2962399787451626,0.799147948026686
logis_75,0.11403823338590867,0.18669196959845993,0.44325394023393305,0.9125220458553792,0.31951880239232117,0.8479047902228616
logis_76,0.12473096152700752,0.1831464311687372,0.4212871250188611,0.9119402985074627,0.2940709461655293,0.7756593661083957
logis_77,0.11090109412347701,0.18427965990535589,0.44249207289173664,0.9129955947136564,0.29355406724529426,0.8337521037222725
logis_78,0.09894248435213966,0.17927996395083992,0.4678862961419955,0.9081632653061225,0.329006776298166,0.7710541052905998
logis_79,0.12563635295478637,0.1833184447098478,0.454144334860778,0.9145539906103286,0.29154947020428257,0.7941448848703098
logis_8,0.023974626294722984,0.16643536824863533,0.37884907762039643,0.9000415336735681,0.2504762456142481,0.3704847042031637
logis_80,0.12477864966323517,0.183178144883415,0.465572993519469,0.9133928571428571,0.2890209899423135,0.7258858923361949
logis_81,0.1256162441573217,0.18008584349439127,0.46687730389781346,0.9118712273641851,0.3050502215017328,0.7970781717565313
logis_82,0.027685448013468106,0.18894894355048242,0.4894843352218884,0.9168855534709194,0.3039961498610717,0.8715403495107898
logis_83,0.07061497902227773,0.18504358939708532,0.44029025563315705,0.9108647450110865,0.3172491970772938,0.8173357788021198
logis_84,0.11541504471083071,0.1847461612225444,0.4702138748457222,0.9138492871690428,0.31781162821101117,0.7946333148548081
logis_85,0.10723333387567904,0.18400219152847783,0.49108857110322013,0.9235732009925559,0.34591034297479284,0.8580348177863296
logis_86,0.12478660478744583,0.18582038497841,0.47506009186539877,0.9191099476439791,0.3077863621674214,0.8103287072922122
logis_87,0.10602665281074228,0.1830110786837006,0.47750228651604487,0.9197943444730078,0.2924314987553053,0.8083712560733135
logis_88,0.1206255681259186,0.18569200094961624,0.38017158809973217,0.9317808219178082,0.316389315898279,0.767609205427339
logis_89,0.1250635603276171,0.18232225542172636,0.4590154543749435,0.9146520146520146,0.39519889357572036,0.7307241085249824
logis_9,0.02393856967923243,0.1660975714326061,0.36155724959289803,0.9000576552217738,0.20102834138336373,0.3747177443225077
logis_90,0.0281493275617057,0.18582730217899018,0.48894058395574613,0.9151658767772513,0.2941217774727792,0.8514462498065717
logis_91,0.12503837825482297,0.18632489367233554,0.4708327822504558,0.9206388206388206,0.2949160496486328,0.8110047950016623
logis_92,0.06553431842085161,0.1885059671886049,0.47937022541267693,0.914712643678161,0.3805890393369715,0.8259564365283262
logis_93,0.11721793125946652,0.18499968845001147,0.47350025890487857,0.9183794466403162,0.29508940339628653,0.7990396777106432
logis_94,0.11947903243483718,0.18618064334351667,0.4762145773002262,0.9194225721784777,0.3224041827629971,0.8295091658639355
logis_95,0.12521784341217915,0.18627899750786908,0.46712348870689124,0.9173913043478261,0.3034565569925255,0.7424830969785833
logis_96,0.12528848354224942,0.18402057637936436,0.4807923747658107,0.9163755458515284,0.30146514153838944,0.8368188510919894
logis_97,0.051004746617312545,0.18842573235508736,0.519446150012601,0.91183970856102,0.32501785040483017,0.8274323353877944
logis_98,0.11259252538025252,0.18369971783163447,0.46360981654755096,0.9104240282685513,0.2953678275649241,0.7754481077521886
logis_99,0.124948434530198,0.18490910775575028,0.4763997922832688,0.9134649910233393,0.3369473745954783,0.7917359045538777
logn_1,0.024010376022212468,0.1665053488368077,0.38286225103106064,0.9000163366832318,0.28559349510528004,0.3846222693608906
logn_10,0.024105612002684292,0.17556550133817367,0.4343366251404863,0.9000164641575291,0.4213288205489591,0.4755478027725111
logn_100,0.11056735114905474,0.18602635335684053,0.46923211378274177,0.9049676025917927,0.3453488844660413,0.8198630214682345
logn_101,0.09977273609886932,0.18151900205332075,0.4590578511006954,0.9042201834862386,0.2933295635564177,0.8192453024677052
logn_102,0.10059687951310872,0.18576393389717216,0.45848015387949936,0.9081005586592179,0.3463587988795417,0.7538729669722535
logn_103,0.04309763683421355,0.18415824528661806,0.4607632722092144,0.9054901960784314,0.35895424170264023,0.7979800387205791
logn_104,0.040711083060896686,0.18540680395091594,0.47331704985128287,0.9063613231552163,0.33898849030416,0.7381923039259463
logn_105,0.07304866767569745,0.1897328489263165,0.5136336264307889,0.7708525451631236,0.34225126184037696,0.94306706595095
logn_106,0.05393206263868822,0.18472118933193304,0.4721149887121371,0.9067500000000001,0.33089745330485176,0.8235343173123713
logn_107,0.028324834643005267,0.18627639372654925,0.47219077132540954,0.9094736842105263,0.36890693947147235,0.850481316096084
logn_108,0.04524366706961907,0.18220932561594497,0.4716095842893031,0.9054054054054055,0.29158386514485896,0.8296974113364048
logn_109,0.09521837202291714,0.18570567904948151,0.4120364377335063,0.906,0.36765769596847764,0.7878185745119958
logn_11,0.024183566431930852,0.17564347810749836,0.44288155328317225,0.9000156428222259,0.32319882674525147,0.4885654987359649
logn_110,0.06453640803600602,0.18490255511972598,0.4688435790428437,0.9063938618925832,0.39617291026985313,0.7955246770722973
logn_111,0.035027127354810526,0.18642632771550213,0.4722635701684934,0.9065727699530517,0.3596763793175914,0.8163811439116396
logn_112,0.044738376073004946,0.18420922681816382,0.468483098354613,0.9050086355785838,0.412586226978376,0.8031066454504384
logn_113,0.04794462083786949,0.18298097969040603,0.4638541842253622,0.9054511278195488,0.36549295337783744,0.7757099191059099
logn_114,0.07759731848334361,0.18738437296652213,0.4809853945782899,0.907182320441989,0.377926498398861,0.8336948268077831
logn_115,0.032724319422035804,0.18463575159968226,0.45917628612350037,0.9036727879799666,0.4046914015706589,0.7530724120144763
logn_116,0.04644693465917621,0.185452349226102,0.4666147851812823,0.9053639846743295,0.36538643213155353,0.8194136846435298
logn_117,0.0454634104682573,0.18599612387285314,0.46053723806194435,0.9055023923444976,0.3475627676977857,0.8053390560217539
logn_118,0.06583120697890113,0.1865137673349725,0.46608299611552384,0.9085043988269795,0.3976491928071799,0.8145633605599693
logn_119,0.064985650050732,0.18450333548921455,0.4514457767968013,0.9051839464882944,0.3364752351333119,0.6643666797112937
logn_12,0.023996981285533067,0.16707123237021,0.3827209113620481,0.9000138064337981,0.4114446674436872,0.39645453255853225
logn_120,0.04444585529146382,0.18425798147915096,0.48056717477663946,0.9079178885630499,0.3600477229566024,0.8258957657676231
logn_13,0.024402224753651246,0.16578972410719062,0.37484024537630745,0.9000136325079776,0.28149680159258506,0.38303773815262554
logn_14,0.023945267167865474,0.1650641183621507,0.3692184409755538,0.9000150773584468,0.3908308478240253,0.37552837286347795
logn_15,0.02395876629499783,0.16582159087000956,0.369895656674308,0.9000139797862646,0.2883874867448889,0.39518172837398813
logn_16,0.0234854389939818,0.16484868160927502,0.3644034441758376,0.9000139704608576,0.26933203409094564,0.3780438032629254
logn_17,0.02399679438319163,0.16690565717082584,0.37349733740239965,0.9000179049842171,0.2764146604447368,0.39427602683772056
logn_18,0.023974255385020838,0.16629836492297143,0.3796791512222417,0.9000142516731464,0.31788323628456183,0.3863270480883877
logn_19,0.02394529526200922,0.16608117005225015,0.3652746026121928,0.9000166062030556,0.2774737744448239,0.3915776468106862
logn_2,0.02393109038270775,0.16707028917324532,0.38335124744997273,0.9000135876665796,0.2848410267514064,0.3821569821813381
logn_20,0.02397216471462573,0.1647568434155398,0.36823311814744375,0.9000148908315909,0.3562657348415736,0.3955026277094944
logn_21,0.052155856135511124,0.1864545035234149,0.4766550163901153,0.9048780487804878,0.3259578101903557,0.7773419374042302
logn_22,0.11060621230545786,0.18602595743248396,0.46531551957718564,0.9069252077562328,0.3525667928474852,0.8039746637549461
logn_23,0.11707373592900017,0.18619027136810012,0.44790946674621823,0.9048214285714286,0.3411517091551344,0.8459389450759021
logn_24,0.044769015660802894,0.18236965326570434,0.45211554697096423,0.9045762711864407,0.30665261043461955,0.712883466826577
logn_25,0.0680083272104472,0.1912086456723095,0.5018748388501763,0.9068,0.3959286040063002,0.9426867266300788
logn_26,0.039192859123589815,0.18608857358975017,0.35824607947599507,0.9091772151898735,0.2808978492942075,0.8178633765266716
logn_27,0.05293411918379939,0.18587557875170257,0.47428023905639394,0.9070388349514563,0.3401188624919917,0.7998380966562801
logn_28,0.10492288619008958,0.18658146378559412,0.46014722809061315,0.9052966101694916,0.34262208180267595,0.8302624142625739
logn_29,0.05497683582427261,0.18692281872464106,0.4700966605360478,0.9111455108359133,0.3426629231602247,0.8557380993946719
logn_3,0.02391192584623692,0.16741509864025947,0.3738902900078812,0.9000137328682469,0.28521344176169316,0.39080508299959427
logn_30,0.035816940577323736,0.18352955834058,0.4461350802288817,0.9064367816091954,0.2990832039328081,0.8049181774619572
logn_31,0.06260747917021306,0.18514726593450642,0.482128455331406,0.9055201698513801,0.37176312513810383,0.8302703125719522
logn_32,0.07252593078928532,0.18553971573592726,0.45190831161533274,0.9061576354679803,0.3153526976521459,0.7865275439625864
logn_33,0.0742586321127548,0.18468502392548833,0.4671014282436673,0.9069114470842333,0.3436607933510467,0.7993714401170594
logn_34,0.08058507673071534,0.1817405110822914,0.43593486539702664,0.905363321799308,0.32766744343176873,0.7739412295362933
logn_35,0.04690784795699093,0.18463680186680842,0.47121015781149156,0.9049913941480207,0.3536641116126097,0.7949988084517973
logn_36,0.026935173223822783,0.18405827457377325,0.39025990877619454,0.9058968058968059,0.3769726758301411,0.7843213690367473
logn_37,0.06748682035625155,0.18480880996322288,0.4595196369868161,0.9081012658227848,0.35959261065386394,0.7619159836661336
logn_38,0.10884029844215003,0.18248601623100266,0.46400884350729354,0.9059090909090909,0.3697742466227669,0.8116527732564458
logn_39,0.04351393927585037,0.18034145566667045,0.38965262650072363,0.9056737588652483,0.33533845843315746,0.7700050752345144
logn_4,0.023957625986658057,0.1674283439401256,0.3885099428793708,0.9000178881276497,0.35737792040108624,0.39733482693395616
logn_40,0.05248845160791925,0.1851335915609552,0.47024215030414507,0.9078378378378379,0.3522054146465157,0.8220847509993469
logn_41,0.060649651228979085,0.18463142704850027,0.4686342491122407,0.9083067092651758,0.3354866521383705,0.8130608629944144
logn_42,0.025183183507371417,0.1864886848860729,0.4549018787828457,0.9092651757188499,0.3474505429891299,0.8446519312730506
logn_43,0.051494175704491704,0.18224775140192698,0.46346002583808,0.9042444821731749,0.2920765423293252,0.7546463541445311
logn_44,0.03475404172753009,0.18509767093048002,0.48205798472478323,0.9060747663551402,0.5097407168068754,0.7441280502253869
logn_45,0.08437254217425105,0.18087595235380918,0.4646061266395256,0.9049913941480207,0.33652912115755945,0.7884394508780261
logn_46,0.03280067195657051,0.18295086294241938,0.4530884711790264,0.9062166962699822,0.37216777379055427,0.7930464353404665
logn_47,0.110638521276528,0.18184870908311743,0.4509433104440006,0.90682261208577,0.31461884445683297,0.7549927631662314
logn_48,0.12516031065456729,0.18641859647991313,0.5023398455905873,0.9074380165289256,0.3529719714802189,0.8312791415327215
logn_49,0.08010248041628228,0.18593606002179694,0.47095037548417973,0.9087818696883853,0.3898235316828378,0.823165336047098
logn_5,0.023935944995880042,0.16838421951400345,0.3873597130429828,0.900014572357359,0.36665388753100386,0.4064107351457421
logn_50,0.0511468881585596,0.18442629608502759,0.4664774746360748,0.9051282051282051,0.334684321809941,0.8033119365586987
logn_51,0.04913339221684238,0.18536902792851884,0.48018777970404625,0.9070588235294118,0.3421226153737749,0.7727085642311593
logn_52,0.09604769742578821,0.18326692803368136,0.43970541873629077,0.9049115913555993,0.3081923961068457,0.829160124536062
logn_53,0.04858689020364576,0.18577620447677015,0.47839439307094156,0.9051146384479718,0.37006765673200603,0.8502596822736963
logn_54,0.026328711472633836,0.18458499915804233,0.47306144076839995,0.9058232931726908,0.3437204880856729,0.8073451144573422
logn_55,0.04231468200255442,0.18611327733464547,0.3928254305037253,0.9054,0.3829188203531507,0.797562256074147
logn_56,0.05193519641359336,0.18632053363667644,0.47418646971486134,0.9084548104956268,0.3301440762570175,0.8364365325753612
logn_57,0.0632666058705148,0.18635097973825115,0.4022458963205646,0.9064989517819707,0.3946471745048974,0.825382527939165
logn_58,0.025958239707611925,0.18545687543639522,0.4610558257081798,0.908,0.34181860635023653,0.8214130145739158
logn_59,0.07575745972161954,0.1890752406298029,0.5059751558044774,0.9055452865064695,0.4179083975581048,0.8974877606789627
logn_6,0.02348685676127037,0.1643654460611567,0.36770078721636623,0.9000142091472807,0.38284932882523803,0.3792866531340192
logn_60,0.06914865510223421,0.18813670302476412,0.4632291392571597,0.9070270270270271,0.3754688241056794,0.8693571051511504
logn_61,0.05638135308307215,0.18562969414978037,0.4716706270343468,0.9076335877862596,0.4035239784256226,0.7562270515946822
logn_62,0.11070021880804481,0.18299347247029923,0.4688189531932391,0.9053097345132743,0.31536091905228525,0.8288035666614888
logn_63,0.10348879073978487,0.18473709414621398,0.43249920982509527,0.9059471365638767,0.35025829764090355,0.6255741250020217
logn_64,0.12507006981745514,0.18442849284906165,0.4758298438690407,0.9078167115902965,0.2654457491593455,0.8287630981666434
logn_65,0.025074360707225473,0.18662887297776382,0.40297320922253455,0.9052854122621564,0.35290916664886995,0.8351635065865509
logn_66,0.11025678021881902,0.18399154019379826,0.4521181957196305,0.9092537313432836,0.35763748527836003,0.7752560220960766
logn_67,0.08775753601187729,0.1811920916073769,0.4634798088874158,0.9075514874141877,0.3555379863831443,0.7919324790463174
logn_68,0.02758583466658915,0.18539040974098922,0.40886775845709145,0.9066666666666667,0.3927233425484169,0.6477693974094918
logn_69,0.04885261162611976,0.18471007603323497,0.46464560631356155,0.9066844919786097,0.325344883415286,0.8238259739503685
logn_7,0.023928380089124963,0.16716745339944306,0.3812897307596427,0.9000175025767683,0.2597272228216081,0.40936928126316396
logn_70,0.1203145382815662,0.1865971187174573,0.4707529023351855,0.9078864353312303,0.33221055459116566,0.8244845092140493
logn_71,0.07093528753765219,0.1837291790538015,0.46654721481118033,0.9055970149253731,0.3548212879183432,0.7369609845831082
logn_72,0.03492804645456746,0.18413436300540367,0.4737353110265391,0.9053003533568905,0.32807066421449205,0.7975745847939032
logn_73,0.05513216645630498,0.1852337244744084,0.48250379051057435,0.9065533980582524,0.37458577333307347,0.8283591511545317
logn_74,0.02808703843492294,0.1863393956477883,0.47019955985311856,0.9072222222222223,0.3431010920147177,0.8161681589391915
logn_75,0.06252384469063886,0.1844664999647713,0.43369086196027207,0.9049603174603175,0.26835840393841826,0.7924284767903375
logn_76,0.10717761571824017,0.18666851604927973,0.44314286011456616,0.9053903345724907,0.35639257293900173,0.8673154818433173
logn_77,0.11722289682084795,0.18584086298447366,0.4672784409815003,0.9083116883116883,0.3414007510092779,0.8179520828599873
logn_78,0.06490665345364682,0.18149653278095482,0.4668259465291793,0.9074468085106383,0.32669351720214823,0.8122897270229985
logn_79,0.12021826053010876,0.1867248234550345,0.449001854363106,0.9074850299401198,0.5003871013979048,0.8358072448560031
logn_8,0.023463094291003208,0.16545433444282834,0.3724490648753711,0.9000142170506182,0.2803381722956081,0.376465255852234
logn_80,0.060310121199454905,0.18584918514020415,0.4663062742261178,0.908355795148248,0.37008710557935914,0.8279162374937655
logn_81,0.08893198251819134,0.18710354598119133,0.47706002814306936,0.9081967213114754,0.37697940628465254,0.8455210409283365
logn_82,0.11415752849268485,0.18304398923425128,0.4374491688727937,0.9053333333333333,0.3644827944020021,0.7885355861538457
logn_83,0.059256588534281736,0.1830868861637129,0.4502574135045502,0.904868913857678,0.3686540907743079,0.7978003917479158
logn_84,0.04857057401863912,0.18445073557111064,0.4622520574856174,0.9047169811320755,0.35849032657712226,0.7943165750899084
logn_85,0.06837929706199224,0.18377063352112924,0.4593048392733664,0.9048824593128391,0.2588448793576991,0.7955995495483881
logn_86,0.05048407900480559,0.18453931965448195,0.4049163179122405,0.9060948081264109,0.3457606673196677,0.6967213935184968
logn_87,0.09579261128725003,0.18345860941929312,0.45744539212665214,0.905338078291815,0.34347350399745635,0.8199717466815912
logn_88,0.0749701308209122,0.18664090436634176,0.4443586584534561,0.91,0.40002372137826003,0.8198601509993488
logn_89,0.12411697951099612,0.18601638432398576,0.47974910857443,0.9084985835694052,0.38070633204772525,0.8363413332549186
logn_9,0.023958159937780072,0.16831802871331086,0.39061856258960304,0.900017983934352,0.5122534293858936,0.43396867280026996
logn_90,0.042590422414239604,0.18410770016811512,0.45315212059310994,0.90625,0.3096103828771065,0.809651131998765
logn_91,0.05990335131694456,0.18629409590431303,0.47349876428659654,0.9088145896656535,0.3759224388317668,0.8385600229639661
logn_92,0.02690400300516292,0.18219225269875056,0.4575916454245953,0.9051601423487545,0.35501163887360326,0.7808302409245763
logn_93,0.11344520770567836,0.18614994811836882,0.4679456976851428,0.9068075117370892,0.3666671268591359,0.8007186755549881
logn_94,0.042522908752356994,0.18319040422959315,0.46170832710170984,0.905671077504726,0.37977413677387883,0.8071307126105132
logn_95,0.024940346441884878,0.18578667385767125,0.4596933653120783,0.9056644880174293,0.37461802247518255,0.829542122208148
logn_96,0.02548111647144093,0.18510256268890435,0.47522740094531335,0.9073770491803279,0.35234135945928935,0.7217303083995295
logn_97,0.03156915503796884,0.1850979400533523,0.46988182893946884,0.9055674518201285,0.3219665990185172,0.812361579556114
logn_98,0.027141312773429304,0.18254810198245974,0.458059197008185,0.9050403225806452,0.3802326065016501,0.7903697368652142
logn_99,0.05742352358296718,0.1857970534138056,0.44864806128088786,0.9056818181818183,0.3697510488284964,0.7570126712880282
parteo_1,0.02394518241711629,0.16777784318657235,0.38474830580016894,0.9000129997454217,0.21249562288226403,0.25442869327419204
parteo_10,0.02393915982851695,0.16634521192185886,0.3655187595615669,0.9000125567099236,0.24613480851606181,0.2469544607969424
parteo_100,0.03993924889430618,0.18324196362638184,0.4639475080102462,0.905008347245409,0.3347805296436619,0.8141498970653135
parteo_101,0.05044602581073084,0.19444487626605392,0.5796086222186139,0.8174989822194967,0.3796740954412307,0.9436606380341807
parteo_102,0.08843014352601401,0.18117324236473842,0.4647163506626124,0.9063524590163935,0.3191768735122542,0.7991640495139394
parteo_103,0.02510267096075019,0.1865485757721439,0.4804749406504152,0.9056224899598394,0.33378402630445364,0.8083957461086209
parteo_104,0.05934847951438678,0.18595043986428464,0.47675954316116476,0.9062639821029083,0.3392203908690359,0.7744207735772899
parteo_105,0.08681558295474082,0.18300933284100748,0.47503378140589614,0.905,0.3105930580445198,0.7909908873956658
parteo_106,0.03143194499305272,0.18067317671365965,0.46897563325623115,0.9049913941480207,0.29837541568977066,0.8086692004471361
parteo_107,0.06874610831821887,0.1841663918559816,0.4787754865706053,0.9050438596491228,0.31412820391779994,0.8255836968239402
parteo_108,0.05613266868653358,0.18676799029916066,0.4763083508518148,0.9050781250000001,0.32053465666669795,0.7793181059329183
parteo_109,0.03363851880828236,0.18482215120804374,0.4787326658693758,0.9067209775967414,0.3259695547576628,0.7740655295580369
parteo_11,0.02391085456510942,0.16694036433262877,0.3783851294357464,0.9000163174530269,0.3730017266187981,0.2606388592796387
parteo_110,0.05085058268809524,0.1859524817241295,0.48538850616617457,0.9048828125,0.3640478446836576,0.8156526688419384
parteo_111,0.044485359781001155,0.1839214365659031,0.4712426579550679,0.9043402777777778,0.2888730123169197,0.8040768042491759
parteo_112,0.0437023401332349,0.18605913094716764,0.48830964065605353,0.9076233183856502,0.3439608511958849,0.6950791649223721
parteo_113,0.035412963296150006,0.18621239222476382,0.47868704741280654,0.9042596348884382,0.3244475270892284,0.7877297604482709
parteo_114,0.05099971913946631,0.18492831329899312,0.4615503861567464,0.9047717842323652,0.3083672310972604,0.7055835642514414
parteo_115,0.030337617881907846,0.18408687053653663,0.45931677761700207,0.9048523206751055,0.2858894428350326,0.7814964181771822
parteo_116,0.044485345593071476,0.18549387334836542,0.4637787356908152,0.9044036697247707,0.34255843416671256,0.7885201642039489
parteo_117,0.028328841300302974,0.18556536538020185,0.47876103416568505,0.9079113924050634,0.3084516732520728,0.7789262306559217
parteo_118,0.08967625208890692,0.18534234119663232,0.4753760491642447,0.9059808612440191,0.30945408961236165,0.7907942256986158
parteo_119,0.03294378476091357,0.18541133778234087,0.46891059279799274,0.9065217391304348,0.3287540954526808,0.792127938394737
parteo_12,0.023951202497948847,0.19159802507276846,0.5482041543148035,0.9000172717308268,0.31557439748035154,0.43586285050852414
parteo_120,0.07583274665899661,0.18574666262674283,0.47645719657588614,0.9103333333333333,0.2971389785000268,0.8312732270365375
parteo_13,0.02394679211753495,0.166327641781487,0.3609714503646667,0.9000150003300073,0.23741242625558973,0.2609394195982914
parteo_14,0.023948686655877828,0.16550344130729114,0.3657692672375922,0.900012562419522,0.23131090288334388,0.2477261542512023
parteo_15,0.023922224754286604,0.16362171630631378,0.36712288565596696,0.9000130573872168,0.21531983375400235,0.23043985871162032
parteo_16,0.0239243364230956,0.1649678330034244,0.3674289045177007,0.9000164023060427,0.25569206874763734,0.2695554583177852
parteo_17,0.023917380594862793,0.166666142964133,0.3485023817169246,0.900011204938322,0.2907023319806495,0.2504143848931354
parteo_18,0.02390737195256949,0.16644172832580262,0.3710158425379595,0.9000150091209274,0.24779382464135502,0.24381249643637257
parteo_19,0.02392267616005063,0.1664304935757913,0.37173275872920764,0.9000151640561324,0.2305230142828599,0.26119047429059516
parteo_2,0.023454706185234802,0.16472438487699967,0.33422339068400464,0.9000125418715608,0.24082254035544826,0.2710902441362192
parteo_20,0.023459037428576135,0.1608904107338705,0.366575717599382,0.9000125285651285,0.22887451424077715,0.21698782777174644
parteo_21,0.04909044135777435,0.18114429576866262,0.4567560329478335,0.9042553191489362,0.28542355163641964,0.803186240724772
parteo_22,0.09826581167511653,0.18647657711626192,0.4676834197821784,0.9075801749271137,0.3001297510096978,0.8107675929582635
parteo_23,0.040369482558695546,0.18477871361822606,0.4683494539134262,0.9046153846153846,0.30509754826659585,0.8167329446297856
parteo_24,0.04061750501040004,0.18408410253513646,0.44985923034899933,0.9044692737430168,0.3205142760954118,0.7987889209160624
parteo_25,0.05841913288299451,0.18596683541535045,0.4809209368343724,0.9072072072072073,0.2967106751616738,0.8099431327268958
parteo_26,0.07226696591576269,0.18685695904056152,0.388160043299962,0.9081761006289308,0.2998778825223283,0.8166782421048593
parteo_27,0.02834855337923537,0.18788521652094367,0.49380430657234897,0.9077922077922078,0.30394002074292115,0.8328162559199797
parteo_28,0.044437000989655716,0.18646689389452586,0.45581424816784955,0.9054820415879017,0.3296971340059322,0.7993095363183575
parteo_29,0.09900521435350636,0.1852010691694483,0.47392884842581917,0.90580204778157,0.339421492366341,0.8004314095470528
parteo_3,0.023444447331818153,0.16402537433959655,0.37524283614149945,0.9000138504155125,0.23038927126000816,0.26849236379020885
parteo_30,0.05805057588035015,0.18968661584439692,0.491781094797066,0.8214305727495357,0.34468298354185023,0.9432299142217963
parteo_31,0.03970334174600206,0.18675257003310297,0.47731194996199977,0.9072289156626506,0.3298657719243106,0.831597045222608
parteo_32,0.04710361372589997,0.18366724318432565,0.43255556808650997,0.9070422535211268,0.33204546143544633,0.7965145891759864
parteo_33,0.11111196097346313,0.18781366857308213,0.4806188597130876,0.9064876957494408,0.3350736270974676,0.8633785455778192
parteo_34,0.057866729016375365,0.18644565518948641,0.463282990999787,0.9075409836065574,0.2968661345051561,0.8246445459695143
parteo_35,0.04314013945859052,0.18468954888959047,0.440805481834173,0.9059770114942529,0.3180874140485992,0.8192540861342459
parteo_36,0.04831604096196475,0.183104436314523,0.46517294661423036,0.905892547660312,0.3097372211836813,0.7851237628588644
parteo_37,0.10765347511782247,0.18724150454743624,0.48643480885819723,0.9082278481012659,0.30623504184320993,0.842512862524526
parteo_38,0.04462107168127798,0.18574029510997378,0.4795593822830322,0.905168986083499,0.31618712346708955,0.7231300004442356
parteo_39,0.0879343130282132,0.18544190893201035,0.4742398129371932,0.9046468401486989,0.335569851187268,0.8192736976407172
parteo_4,0.023891286391337987,0.16482694928653407,0.3615509901237811,0.9000153296840169,0.28042294199348755,0.26565559857259835
parteo_40,0.11735997762710403,0.18666537538648326,0.4447386963807519,0.9060526315789474,0.3164424285455728,0.7761905053792778
parteo_41,0.027756076873921683,0.18525358908900366,0.469183538442255,0.9071625344352617,0.32149244485031425,0.8076379935776306
parteo_42,0.11720749158935558,0.1868167291464724,0.4116750380972747,0.9084967320261438,0.30202289960582906,0.8112397822120618
parteo_43,0.10089083230136263,0.18463150674729262,0.4674599963846774,0.9054989816700612,0.2990910326046997,0.7803456605600019
parteo_44,0.04349013080291363,0.18146151932047563,0.44313937003859327,0.9042662116040956,0.29782603121524875,0.8104494663059283
parteo_45,0.0429621434818431,0.18419747974137743,0.44531935360803776,0.9044692737430168,0.2969184585625688,0.7843202986691126
parteo_46,0.02700350974646326,0.1854036721867949,0.4585088571168411,0.906875,0.3817439824892248,0.7670475363108151
parteo_47,0.027268009449592436,0.1867338827895717,0.48686151881170836,0.9058139534883721,0.31847365564250557,0.8419881014736147
parteo_48,0.09844450232742889,0.18478199032188714,0.47235126422813767,0.906896551724138,0.32588394275279475,0.8002183791022852
parteo_49,0.027225751705324496,0.18766271413549568,0.48114776403504567,0.9073394495412844,0.3080412685007391,0.8392310313299173
parteo_5,0.02344894466084884,0.16570298702756842,0.3634157850801899,0.9000127005864358,0.2599860956784095,0.24846809770831038
parteo_50,0.03829624586972954,0.19102914666553544,0.5018832990991251,0.906221198156682,0.3511344115786328,0.8551746245302294
parteo_51,0.10330417362692781,0.18301432521452965,0.4706151034432624,0.905009633911368,0.30946830077162624,0.807201397466897
parteo_52,0.07823190016424307,0.18258878441006815,0.4705745802469017,0.9057742782152232,0.31212365792627095,0.8197878873263912
parteo_53,0.024684909688970125,0.18506550175404757,0.4762715061998476,0.90625,0.2971782516367396,0.8040900151316587
parteo_54,0.057542887155832737,0.18660285141272928,0.4708649815079008,0.9087818696883853,0.32543858103796885,0.7149633644637537
parteo_55,0.06839103324322163,0.18581917728245118,0.4722893589125017,0.9077844311377246,0.29592886991877365,0.7649993567721762
parteo_56,0.0545012240037655,0.18572773327388709,0.4685631766839856,0.9054621848739496,0.2987624753988831,0.8206433999743619
parteo_57,0.05493046836262602,0.18483290511674796,0.4768808247709979,0.9061349693251534,0.3165069330345248,0.8011138192821984
parteo_58,0.09929047993162066,0.18628465328049382,0.44891281499208413,0.9066098081023455,0.30293262487515504,0.8310868301144789
parteo_59,0.029014427045927986,0.18543698788580432,0.4766589545398858,0.9056644880174293,0.3087933846122624,0.7701813681414652
parteo_6,0.023456516699917346,0.16995314938314127,0.4050342036318212,0.900014464724822,0.26610616108631946,0.2638710837309536
parteo_60,0.07780397648251887,0.18516529602483517,0.47373176444997145,0.9063025210084034,0.30409796972133674,0.8038495041429402
parteo_61,0.04487179517566908,0.18316811320561427,0.46664651781573796,0.9053333333333333,0.30985018713354245,0.8143615483861395
parteo_62,0.02650772442117541,0.18422735294811216,0.47406557542309913,0.9035532994923858,0.29649109514986,0.8030055861639249
parteo_63,0.040593721040197345,0.18628020965947312,0.4588360830581053,0.9076687116564417,0.3108761119339025,0.8053796157861483
parteo_64,0.05376657455061343,0.18563327369591562,0.3900911421067297,0.9048543689320389,0.3414941754622366,0.829174219098688
parteo_65,0.1031765790765309,0.18440453832514314,0.4717698997869706,0.9061643835616439,0.29816120097747334,0.786223227061097
parteo_66,0.041675028999564635,0.1824444538657557,0.4593916708247585,0.9053388090349076,0.32249368308233173,0.7946477788897055
parteo_67,0.08094368948545431,0.18608344909934701,0.4320066206839077,0.9093851132686084,0.31747152665014144,0.8320024937053924
parteo_68,0.09244658089240068,0.1823916656363631,0.47085678790221,0.9060185185185186,0.30055947285446816,0.8053429326249772
parteo_69,0.04793200729956232,0.18530623999540713,0.40581227123535835,0.9044491525423729,0.31614537360437395,0.845908793443735
parteo_7,0.023925668152348954,0.1656812514701236,0.37563986635814595,0.900014315490506,0.2451283074325204,0.285436752414477
parteo_70,0.07981500137436989,0.18661901313625257,0.4742588824706566,0.9087662337662338,0.33886230082571656,0.82462744842963
parteo_71,0.052421596535491825,0.18529672742558018,0.4808041460758642,0.904355108877722,0.31287471402817846,0.8003773815166025
parteo_72,0.08777411112615298,0.19085018420353156,0.4594188727884906,0.9055674518201285,0.33009650531223217,0.9104527195529185
parteo_73,0.027693391119931368,0.18603425447149782,0.4703271176849707,0.907887323943662,0.3236890972851024,0.7312258311288744
parteo_74,0.04199991593475099,0.1849183918111732,0.4772043092274302,0.9044444444444445,0.2979695810929962,0.804326743020987
parteo_75,0.09115802360100446,0.18496615434069363,0.46823108136267577,0.9066860465116279,0.2945024989218716,0.8051401274153348
parteo_76,0.03591225291352955,0.18456466590024495,0.47543277774213877,0.905982905982906,0.32521085984173087,0.8237895955347022
parteo_77,0.10011224059263622,0.18610349458481515,0.47928708205220116,0.9066465256797583,0.3114570024687163,0.8137342571227154
parteo_78,0.045271007136269636,0.1848967447193631,0.468982108439442,0.9037931034482759,0.3186804201796202,0.7692665694558753
parteo_79,0.036374798379480364,0.1840417340726106,0.41539562102923133,0.9058981233243968,0.30984881246485696,0.7933246635524145
parteo_8,0.023468158112577183,0.1653970102057718,0.3590309219116288,0.900013300773041,0.23079920793649145,0.24874113829884226
parteo_80,0.04066357816618672,0.18832093167175176,0.5076508836315247,0.9046511627906977,0.34431040415046066,0.898018339175436
parteo_81,0.09693481111772646,0.18651317591091554,0.47424994088380124,0.9085470085470085,0.3268253511760082,0.8106730640313194
parteo_82,0.039460310211230025,0.18430250845539492,0.46287494499534,0.9054158607350097,0.297721814257055,0.8216606169459794
parteo_83,0.06835157478830188,0.1836526477870143,0.45299565427598876,0.9044806517311609,0.32270777721991295,0.774878447980917
parteo_84,0.02524817060515001,0.18621321159977677,0.47848951000982853,0.904109589041096,0.3316517490705381,0.8571900388096966
parteo_85,0.10657712678751116,0.18502751388499977,0.46472221506041256,0.908832807570978,0.2982814141974912,0.8236080830781217
parteo_86,0.050118951696049734,0.18292158575511563,0.4688702754134313,0.9054511278195488,0.3054164849764183,0.7788959590934457
parteo_87,0.05216562288931652,0.18632551602883657,0.47197663115540633,0.9064676616915424,0.2798582931238428,0.8350094286571061
parteo_88,0.0709595703661783,0.19011509949900943,0.5373929908465684,0.9051136363636364,0.32866983203514,0.9376255926955289
parteo_89,0.06715548363436535,0.18557213319134047,0.4842809913983209,0.9047535211267606,0.3175488353080486,0.84232254313786
parteo_9,0.02390852426158129,0.16698289968150506,0.3692280720874811,0.9000169634177372,0.25014306019579974,0.268012669416328
parteo_90,0.05520323861234891,0.18318375412477586,0.4290859227366697,0.9060606060606061,0.33141508201340186,0.8000603774982717
parteo_91,0.03428794333211449,0.1854560412964365,0.4626153473943908,0.9066852367688023,0.3436660517282198,0.8077058353525238
parteo_92,0.04595413815165786,0.1861056805366904,0.4859270466023271,0.9049001814882033,0.3029323527208065,0.7779721604099021
parteo_93,0.04204716031698476,0.19202999777807514,0.531040620020273,0.8943144680823744,0.3396859172968366,0.9435394715828601
parteo_94,0.060849446324547196,0.19060488472116172,0.519420272395852,0.9089385474860335,0.3477329787346458,0.8998008586325366
parteo_95,0.11087021452798158,0.18494288740605735,0.4578252880088164,0.908282208588957,0.2902979943809447,0.7978942163600018
parteo_96,0.04583192316874357,0.18858798167756716,0.511008225769449,0.9039447731755424,0.3344419759182034,0.8712373714688135
parteo_97,0.024522375059205504,0.18432852410803643,0.46507163758369097,0.9046601941747573,0.3102177964504217,0.7005579466732117
parteo_98,0.026653124802956906,0.18243488677721545,0.4402232236536796,0.9061465721040189,0.29498476028752835,0.79583661802572
parteo_99,0.036322430380982304,0.1823559845957646,0.47730736791720063,0.9047217537942664,0.33248289456915764,0.8141664072948278
uni_1,0.024648533461509414,0.16711764556398362,0.37917756136465985,0.9048585573215066,0.23602566072192502,0.26559844135813054
uni_10,0.02385890903370576,0.16764739292395842,0.37125033354507697,0.9140083578393438,0.23470588034552006,0.361842045723923
uni_100,0.10491691277353563,0.18544458530859215,0.47381545931623137,0.9926208651399491,0.3619336112717668,0.7179764822336165
uni_101,0.10314578228402331,0.18676436808184002,0.4911310025992056,0.9856818181818182,0.3699932943045583,0.8583202782777458
uni_102,0.12399746252432235,0.18890338484692878,0.499551836817682,1.0,0.3257325239877832,0.783484710171196
uni_103,0.04966727087615118,0.1858578925950625,0.4671476531528542,0.9969094922737307,0.34211677443752264,0.8014381167154037
uni_104,0.028005141003389373,0.18502860430326168,0.4703835597166436,0.9983644859813084,0.322820374632949,0.7574735069312455
uni_105,0.08715522054394653,0.18740042259576234,0.4872058951833953,0.9990506329113924,0.31787538454845365,0.8222802139445138
uni_106,0.12449327100806816,0.18464945302046587,0.4698524189847507,1.0,0.3121629500832247,0.7719493572085627
uni_107,0.11800095444620745,0.18458839630674653,0.4616075739174528,0.9935096153846155,0.3172991033783985,0.8291548706091755
uni_108,0.11931237170782469,0.18818114837602937,0.496981879787065,0.9957928802588997,0.3050959710267771,0.8490123011126667
uni_109,0.08843960448306526,0.18383919327196518,0.4661321424199303,1.0,0.3292595633087181,0.8185604136625191
uni_11,0.02398078675135165,0.16830853601445006,0.3808362825004221,0.907260108394744,0.23734404149232496,0.3574823059090928
uni_110,0.1212054093126637,0.18357629457740537,0.46406858708893073,0.9975862068965518,0.2953873380543399,0.7467248507859426
uni_111,0.028120879951997066,0.1860514765214855,0.4497298671113563,1.0,0.3393984454503317,0.8112944819547779
uni_112,0.11975818821071538,0.18399984791100346,0.45314542531327584,0.9992924528301887,0.2902946961390937,0.7365659170144043
uni_113,0.02653658765601895,0.1838468775786996,0.4002216122559201,0.9746716697936211,0.30709415137748586,0.7768442646580438
uni_114,0.027004991841895816,0.18515623125020064,0.4684511486327514,0.9658986175115207,0.3100367846209351,0.7692377248536209
uni_115,0.11867157040967251,0.1865027276145676,0.4600999071800811,0.9966183574879227,0.365266137288802,0.7842706384182859
uni_116,0.11791371584919988,0.18689367943862337,0.44514078054355677,0.9944537815126051,0.41759621833686456,0.8347269706379387
uni_117,0.06537267241224606,0.18464657316425534,0.4841496321304827,0.991991341991342,0.3138472129204749,0.8058980368897818
uni_118,0.12169342738388975,0.18552176354589878,0.4336894699671242,1.0,0.34833278235970866,0.8068959972085696
uni_119,0.027002360019420815,0.18879617568215817,0.49334392140433914,0.9963048498845266,0.3573588270246594,0.8718620692124764
uni_12,0.023854907462102063,0.1686981464013898,0.3356069612256908,0.9088402409368983,0.2813989007955638,0.2807583086527888
uni_120,0.02697908993296396,0.18654307485382265,0.4125094925127618,0.9995412844036697,0.30866121895108,0.8142081280001884
uni_13,0.025068141862175618,0.1685344111336155,0.3840085574304818,0.9073104256810656,0.23476263959360993,0.27526154157138566
uni_14,0.023851077584825336,0.16849766047619333,0.394698774221274,0.9113099867264658,0.2402770149983727,0.3298538323071185
uni_15,0.023851668662242385,0.1697412306359507,0.3929847725254183,0.9123827335706726,0.2694839846706631,0.3366111923097382
uni_16,0.02388837995709578,0.16736592483744725,0.3709430284304698,0.9099081740005489,0.22811649800751643,0.26858415782549827
uni_17,0.024030257117625457,0.1665992696103032,0.3780472477020874,0.9080263312106888,0.23324368870112083,0.22470696323439288
uni_18,0.023903209008952507,0.1670986302247792,0.3698950676835595,0.9054481639564006,0.23965551217088296,0.22708576699979294
uni_19,0.02338889566380447,0.16434757998887028,0.36372884062309285,0.9093039684831484,0.23259361683019963,0.34174172124368474
uni_2,0.0238417685787157,0.1664387375987566,0.3641041388918641,0.9040415552977962,0.230604394773201,0.2990525829555526
uni_20,0.024125304261153696,0.17120912354699944,0.4073055503470082,0.9114503314309788,0.2508195479658637,0.3049917049990876
uni_21,0.12442698045064288,0.18455488505592513,0.46697605066577674,1.0,0.3114798787561641,0.7761070404771041
uni_22,0.08746349859032157,0.18853523253241838,0.504380242802934,0.9998054474708171,0.3279189273442857,0.7148316117124499
uni_23,0.026461432899820343,0.1865308495333507,0.4887779362490591,0.9983333333333333,0.31409923281409513,0.8226574355398611
uni_24,0.0263535808333122,0.1872439396788324,0.4954841143229982,0.9919298245614036,0.3240113708316099,0.7970828644374662
uni_25,0.12441957512336993,0.18658669806872868,0.48739460831696535,0.9997596153846154,0.3140992324718307,0.8331316786469746
uni_26,0.12181031551852202,0.1869797310561958,0.4784470651036289,0.9980456026058633,0.316203956197724,0.7918329175218212
uni_27,0.06876294809593966,0.18696594755406348,0.49289334233412285,0.9954782608695653,0.3085624052924888,0.8286984364090172
uni_28,0.12285329979933347,0.18031425818022268,0.45840636940504,1.0,0.3013226725637717,0.6618534952896794
uni_29,0.12068917781451324,0.19094662966685294,0.5115848612945514,0.9992021276595745,0.33880513803725143,0.7679264215042917
uni_3,0.023888712855209063,0.16539065247962031,0.35929935536017865,0.9061290005165925,0.2555085000674378,0.3285194367608976
uni_30,0.11547947283906945,0.18634786709538476,0.4863386378590766,0.9885245901639345,0.30724996221699286,0.7631538190780334
uni_31,0.026245601060464828,0.18373378423926306,0.4512471403235483,0.9956375838926175,0.29819454602701734,0.8104455325129987
uni_32,0.11434812856190268,0.1824042038156336,0.45047767518859505,0.9938517179023508,0.3325397730361954,0.7756385387217234
uni_33,0.027393710245433,0.1859867207233205,0.46111406341885597,0.9975476839237057,0.2916958311669686,0.8411797412342502
uni_34,0.12392765617857704,0.18411194610418524,0.4083151379466785,0.9943152454780362,0.3505680907555304,0.7951339944656736
uni_35,0.12329595073444112,0.1849739293459043,0.4638648739543647,0.9901531728665208,0.29803356929980984,0.7794889217808968
uni_36,0.11434922350417226,0.18500273423861574,0.48310832025340766,0.9917670682730924,0.2942308996199118,0.8349609378281627
uni_37,0.024386434505612925,0.18385434480219429,0.4715994131116671,0.9892976588628762,0.29215387850799446,0.8094916878972962
uni_38,0.12020279389211508,0.18497876206894714,0.47514044106986786,0.9970383275261324,0.2977580498600928,0.8286900191780852
uni_39,0.12438384927964963,0.1869035381025855,0.488191796187889,1.0,0.30926460203389194,0.8269673117496693
uni_4,0.023845969037159104,0.1661510218068531,0.3694253304304701,0.9128392521586071,0.22984337758315815,0.3042450228990512
uni_40,0.07285552307306883,0.18464509386403993,0.4803767017920598,0.9693916349809886,0.30112855599756017,0.7855003923999525
uni_41,0.1225409525254974,0.1862100114586311,0.47944784674456575,0.998165137614679,0.33712684230694523,0.8417949598955053
uni_42,0.026390377239811507,0.18454506398284887,0.4714510185492188,0.9878899082568807,0.32164857320173107,0.8330336428026356
uni_43,0.027662613421596153,0.18647215715639792,0.46082508354395113,0.9991017964071857,0.3413263751903808,0.8242695982792143
uni_44,0.12382025022331894,0.183652053630466,0.47824959235709197,0.9986301369863014,0.3638384817804461,0.852677418675852
uni_45,0.12317378500455844,0.1873031442870276,0.5030451212547173,0.9947494033412888,0.30822295114674125,0.8449104498900227
uni_46,0.09395272733976709,0.18711487697731122,0.5026524572173812,0.9928767123287672,0.3071461725713107,0.863631744661102
uni_47,0.1160630285583307,0.18948124592120955,0.5193129418705931,0.994980694980695,0.31425017851558434,0.8010502092235966
uni_48,0.12301991590154168,0.18324227785407882,0.48057110484243715,0.9887189292543022,0.343475864388868,0.8551177456861977
uni_49,0.026617454572068263,0.1737368501937606,0.4751749103067149,0.998868778280543,0.3101246674251019,0.8041658828366486
uni_5,0.023835828020203183,0.16871192819904085,0.38881462831011293,0.9077793512442575,0.20290290642361503,0.26067453761585313
uni_50,0.11427061981554099,0.18552457585219645,0.46845290933974026,0.9941644562334218,0.2967981595811826,0.7946373405367275
uni_51,0.027311974789358272,0.18496176441077106,0.4657601452086252,0.9940700808625337,0.31772070740613567,0.8008442099757634
uni_52,0.12434610837901872,0.19106673734337562,0.5161814124611178,1.0,0.36300220664360294,0.8461939936997394
uni_53,0.026217674419512935,0.18513924295277506,0.4785187360657337,0.9853492333901193,0.3117256193162772,0.8095626279558751
uni_54,0.027694057635578313,0.18613356020101185,0.43159004814084334,1.0,0.3209598892366806,0.8334285606243068
uni_55,0.08138896382778875,0.1857469945641613,0.470369010048019,0.9935897435897436,0.3207016161244861,0.7933231137375096
uni_56,0.12118210166244568,0.18373193059811865,0.47304765513484937,0.9994082840236687,0.3174121105038732,0.7713174851172202
uni_57,0.11980299756193168,0.18146525510260794,0.496976186477739,0.9966587112171837,0.31274465048836786,0.8620374342986911
uni_58,0.12268068162603868,0.18405936483632881,0.44148586665026046,0.9923553719008265,0.28816298520293837,0.7972309607450121
uni_59,0.12432889034790151,0.1826203263647137,0.4660452457245641,0.9915942028985507,0.3078672750070284,0.7985450757759267
uni_6,0.02383304912051532,0.16598718045259062,0.29025801895823533,0.9104743987390045,0.25547100419492075,0.2621970819912013
uni_60,0.06927347956807592,0.18562788835809757,0.45337408076824937,0.9980836236933799,0.2858068310460503,0.8344078383945089
uni_61,0.12369419960866058,0.18441037345848219,0.46648077905110874,1.0,0.3051971505944393,0.7695605659003039
uni_62,0.12432149779310109,0.1818904542409513,0.4678550836737396,1.0,0.31263457243259746,0.7663436357600598
uni_63,0.12432013472323572,0.1862854923403352,0.4845492219583708,0.9889643463497454,0.33080197727697214,0.7651057791010052
uni_64,0.11798792070161465,0.18526489306986654,0.49201078593887904,0.999746835443038,0.3271616831144674,0.6389399523862643
uni_65,0.09638003266038998,0.18656184349660482,0.48018521179964047,0.9894366197183099,0.2998750305483787,0.8071667966749883
uni_66,0.11776199923022977,0.1866940578504644,0.41235971818170625,0.9960698689956332,0.31713731259128,0.8562852488226437
uni_67,0.07910225049672426,0.18574054090971093,0.4238982397657677,0.9575045207956601,0.31600550122122995,0.7981488457749809
uni_68,0.09727226194701952,0.1877116668477272,0.5160312190937788,0.9874751491053678,0.35940578812688706,0.7975692494532254
uni_69,0.117966938949496,0.18741569083621193,0.4802720177588795,0.9977505112474438,0.34690737170076336,0.842884210869549
uni_7,0.025057387722905593,0.16574140335785054,0.3637154445761568,0.90440979982509,0.24431585426010652,0.24547781510264086
uni_70,0.1243014572423996,0.18406810212370717,0.49209238775441155,1.0,0.3363155612542955,0.8278845406641295
uni_71,0.0774286553185625,0.18508860038860264,0.4784932205528353,0.983756345177665,0.29129314912893034,0.7871684704484989
uni_72,0.069442901401797,0.1874069666235228,0.4079426132623677,0.9739352640545145,0.3569080666271184,0.8121749658011037
uni_73,0.121286842583409,0.19112781368824994,0.5227261690176506,0.788770265841254,0.3668832791815003,0.9435320364230231
uni_74,0.12429099436546186,0.18535544029307294,0.467267563041169,1.0,0.2994336327062107,0.7900665994342219
uni_75,0.08850244546747883,0.18544539638687907,0.4841054082310955,0.9957191780821918,0.2896619242424526,0.83023101191129
uni_76,0.12428830551458817,0.1858400949666054,0.44904109133321957,1.0,0.30455640975513,0.6304106685113865
uni_77,0.11091679107390656,0.18521147974379776,0.4854574396745601,0.9746880570409983,0.31340101002439924,0.8352858668034872
uni_78,0.026236235520072284,0.1856967562087275,0.4901910638852336,0.996529284164859,0.3308728653010654,0.8466783874406052
uni_79,0.12428192471028558,0.1887005391851286,0.49341954291395174,1.0,0.3208886948702814,0.8541445754032886
uni_8,0.023829759324795557,0.1645761804759366,0.3271075596812696,0.9136547591028857,0.21337431721700087,0.28583781570587674
uni_80,0.12427725535770952,0.1881054035841609,0.4789674240663149,0.9966996699669968,0.30144255331193814,0.8385015627593908
uni_81,0.124273909941471,0.1843754191656957,0.47643626356937196,1.0,0.30925850068724137,0.7984645966463236
uni_82,0.027030691874790208,0.1851725832098905,0.4867807848237867,1.0,0.31722818374500505,0.8690505250323272
uni_83,0.10781817871029395,0.18373242592050584,0.46984280681768276,0.9839186691312385,0.32129603593273015,0.7897918195468419
uni_84,0.12426748769418693,0.18700673522131264,0.4691462919498607,1.0,0.33912784519276096,0.7717457541884203
uni_85,0.12426647891530083,0.18651765750231453,0.48898250832897994,0.9920086393088553,0.33256226021815716,0.8132302668843843
uni_86,0.12327751087264721,0.18709467055255014,0.4823501091737673,0.999671052631579,0.33458559890469564,0.8534312331763639
uni_87,0.09529410927801701,0.18641737446137716,0.4698316521492225,0.9974811083123426,0.33070941515213886,0.7407155323076743
uni_88,0.1030237078762448,0.18370104667709325,0.43792302974873243,1.0,0.2997389097090609,0.8081860006400167
uni_89,0.026129518804392786,0.19011998842981848,0.5001402734441137,0.9906621392190154,0.3563356746390033,0.8838236583634824
uni_9,0.024164562943034363,0.16857751640952637,0.38869598822746665,0.9103584491587418,0.25474057732657496,0.31254183187073437
uni_90,0.02698158220988281,0.18557376214122523,0.47095950524277297,0.9992555831265509,0.311257293084657,0.8284279038331336
uni_91,0.08021110966865122,0.18442564576174886,0.4661265147459114,0.9873076923076923,0.30634245416710765,0.8119390534708721
uni_92,0.11503561482113864,0.18513603940702383,0.4750824164434555,0.99375,0.3099212375930459,0.7934086765900885
uni_93,0.07698410984489912,0.1864264448618927,0.4849297775765016,0.9844178082191781,0.3180842207967677,0.8177294392722364
uni_94,0.1234725397628307,0.19364869042865313,0.5486714731152241,0.8532708083460151,0.36206509678704335,0.9434080095985647
uni_95,0.09806971410004159,0.18698033827979407,0.4903073127508325,0.9874074074074074,0.304227143944764,0.8516109993558831
uni_96,0.12141211570075011,0.18356014292472506,0.4841708380615837,0.9956521739130435,0.3770396696818916,0.8199116042209638
uni_97,0.12003971947491777,0.18517140157658749,0.47836135278967673,0.9973776223776224,0.29538963065815105,0.734492699253511
uni_98,0.12282077826840242,0.18125362481641502,0.4537764251792933,0.9637571157495256,0.3045006501985271,0.7847080430164055
uni_99,0.12135803917408372,0.18310220287329151,0.4669315901279738,0.9975877192982456,0.30551215894222916,0.786411343820076
wald_1,0.02393301791996724,0.1680894257430198,0.39017355037224843,0.9000456780912649,0.23337836632143774,0.23062069652042705
wald_10,0.02411587069115817,0.17591946180009588,0.4409103856611484,0.9000452493743296,0.26544568714991207,0.2850356277889641
wald_100,0.1097337181032435,0.18994071469308607,0.48677491841265075,0.9157248157248158,0.30791962213069357,0.7718827764792682
wald_101,0.09539664552085973,0.18654543496905052,0.4851260855111065,0.9115315315315315,0.37063807084544553,0.8417021316212796
wald_102,0.11000963809352314,0.18764541462057724,0.48910894648041026,0.9192019950124688,0.3368245375172747,0.8436973512360858
wald_103,0.11784889155942048,0.1919701119456781,0.5242752752117164,0.9201017020864947,0.3344352009988844,0.9450063756022555
wald_104,0.09536653320505416,0.18624524781751112,0.4666314486985116,0.9124505928853756,0.3132772605214217,0.8739062423521141
wald_105,0.11995727610692919,0.18821122530826148,0.46752932354590737,0.9182957393483709,0.3283729293162937,0.8542827764713229
wald_106,0.08575440350502021,0.18855464109286402,0.49426505817859356,0.9346153846153846,0.31956059380603175,0.8694445168005498
wald_107,0.045988417792281494,0.18533087825976258,0.46344644730826134,0.9085427135678392,0.36568778895144494,0.8372710808803224
wald_108,0.097202034630612,0.1862794025554338,0.4872839281094766,0.9123076923076924,0.3046834132796913,0.8464566187039352
wald_109,0.10585329113753826,0.19031281975608116,0.4628192026166591,0.9160427807486631,0.3154577891095467,0.9373716665881693
wald_11,0.023923830389633048,0.16704527680825643,0.34957706997145926,0.9000391567849357,0.253134905826059,0.23214459149784789
wald_110,0.11051197206531164,0.1875674982123811,0.48824312589760754,0.9161369193154034,0.31747466164761573,0.8471765522635832
wald_111,0.10857023620297669,0.1877822445623083,0.4914649780765262,0.9225806451612903,0.3059688691540299,0.8066231456286964
wald_112,0.10737724703621578,0.18648376526148125,0.48604449623998236,0.91196261682243,0.33231921730694214,0.8411474631986524
wald_113,0.086219446518233,0.18400020960890454,0.47548857007454426,0.9097328244274809,0.2982239311512862,0.8290437390037295
wald_114,0.025768390916144076,0.18707930496215025,0.4902022088815665,0.9145383104125737,0.3950541589361665,0.8622810985689325
wald_115,0.09050393321402729,0.18582530672343994,0.4934836644318138,0.9169340463458111,0.31931380402710186,0.8225274458937558
wald_116,0.08953218405735172,0.18743350709644324,0.48962579204373313,0.9136363636363637,0.3173397949073762,0.8521814156823817
wald_117,0.06995408062016031,0.19328489054173767,0.5400591714118737,0.7297078165550593,0.3233697796708168,0.9445171229001499
wald_118,0.07723701492018095,0.18819659857693016,0.47845376242632176,0.925,0.36927956323910205,0.8595128082578047
wald_119,0.09270536438014557,0.18818502858079705,0.4950584991671513,0.9259259259259259,0.3322016170748776,0.8309522342979383
wald_12,0.0240475157398949,0.16608329035980632,0.3769111706964985,0.9000471314109431,0.24507765957805527,0.23869805795499835
wald_120,0.12081433462772354,0.18896864906937913,0.5051123567633233,0.9204918032786885,0.321134817827701,0.8977229764358717
wald_13,0.023946025929678334,0.1753216126504421,0.4275615189132904,0.9000389157827084,0.227347006378931,0.31336615017118347
wald_14,0.02415587595708403,0.16910629819686246,0.4019564669187202,0.9000284213464613,0.25116961924738695,0.2405556118881701
wald_15,0.023885107866184654,0.17063951409837508,0.4027316979240735,0.90003716646965,0.2504669768554657,0.2435045386051152
wald_16,0.02382283923377775,0.16479310688896587,0.39273191725812395,0.900032489321133,0.2354426177697718,0.24447537605452094
wald_17,0.024029651227435986,0.16856975563120202,0.3938963558080055,0.9000470411139336,0.264133470042819,0.25113877340257135
wald_18,0.024208220763299714,0.1667288303103505,0.3867628567730832,0.9000613922535254,0.2307613317995072,0.28323049107722775
wald_19,0.023833706121907657,0.16688952534778503,0.39552638527852646,0.9000527093243446,0.25258976171864067,0.2589646841179285
wald_2,0.023984838496363917,0.17123870625897178,0.4085935494509195,0.9000430381586375,0.2600203070254388,0.24311999517997987
wald_20,0.02399160343858835,0.17238236693859693,0.41587243144990094,0.9000365606034187,0.2778336690908756,0.25203241597852166
wald_21,0.05151379331185883,0.19082462537923173,0.47951588518095245,0.9299145299145299,0.3287609416930334,0.894243558628361
wald_22,0.08563809171298305,0.1903085549429309,0.5247839125545849,0.9229480737018426,0.35382035835862014,0.9044690122690636
wald_23,0.07912120588379185,0.1855560242920602,0.4702396359641685,0.9112132352941177,0.31973099928606347,0.7407258552554944
wald_24,0.11563593034311491,0.18079122473759118,0.5381767843307355,0.9402865082787877,0.32199167924227323,0.9455152200405642
wald_25,0.10881755501442589,0.1886930664939736,0.48679694083024194,0.9266871165644172,0.33614250632512543,0.8601462572582161
wald_26,0.0367627730431929,0.18724706627066645,0.47876061785471624,0.9166374781085814,0.3225697911422073,0.7087360418174481
wald_27,0.10737428276487943,0.18719976484721856,0.4558498143826787,0.9161147902869757,0.32461830839618555,0.8706864365339086
wald_28,0.09401123942560972,0.18768740917362703,0.4839650534110058,0.923013698630137,0.30298054543924013,0.8328829642856971
wald_29,0.02690654173796296,0.19150435680107697,0.5247199377325189,0.9165413533834587,0.3180830713437999,0.9162497372914341
wald_3,0.02403695291994362,0.1681648036292374,0.40129212086933264,0.9000321375698729,0.25715139157096045,0.22889974558863824
wald_30,0.08218874110437793,0.1888831771139979,0.49821825067298087,0.9145118733509235,0.34110605909453373,0.8618558126339093
wald_31,0.10034511595650925,0.1876057645567209,0.4964053772787641,0.9211229946524064,0.3205214276854631,0.8010776955814407
wald_32,0.10821386965920417,0.18458712014245396,0.46043706362622383,0.910958904109589,0.3150525246395698,0.8215224063640753
wald_33,0.11362439563203652,0.1881410394521412,0.4800189701037023,0.9171794871794872,0.3305136040059351,0.7814480823029112
wald_34,0.09602770407218135,0.18540325176388991,0.48259928815460607,0.9108986615678777,0.31615801345504985,0.8266652613728903
wald_35,0.08389360655736258,0.1867626585936003,0.5018005006882673,0.9163855421686747,0.29854603849527916,0.8771248345197418
wald_36,0.027363163939831247,0.18554599696263901,0.48668581486570495,0.9165170556552963,0.3341573917009918,0.8523233783574082
wald_37,0.02698006902366555,0.1862688822835986,0.47641702327202673,0.9114081996434937,0.2937156019585604,0.8677030898419466
wald_38,0.10385623422910266,0.18464807043675324,0.4780521838524453,0.9158301158301159,0.3163511590257416,0.8220062007007094
wald_39,0.06799059839006434,0.18595942040861632,0.4844144034563307,0.9163568773234201,0.3294642795574504,0.8163375792816501
wald_4,0.024147402412701795,0.16873554186696285,0.36233584343408876,0.9000335162553839,0.23246863516416943,0.25213593557934977
wald_40,0.05652481742099674,0.18417335591333128,0.48139215114173783,0.9139372822299652,0.3296363153049935,0.801498608711901
wald_41,0.10869661197649876,0.18733437576110468,0.4376455702444838,0.9140677966101696,0.3085939900399793,0.8435658856307625
wald_42,0.11234219288435021,0.18539914014125952,0.4833528778094601,0.9108411214953271,0.3042998235143821,0.8235321409262031
wald_43,0.07981163786606078,0.18793449411578383,0.4806235215952144,0.9174050632911392,0.302441304555775,0.86303321738836
wald_44,0.10256975444402945,0.18944059821278897,0.5001725775030038,0.9194379391100703,0.31034058153820543,0.8516296246463858
wald_45,0.08761829203081452,0.18662917050175412,0.4842677652187236,0.9103508771929825,0.30307419053120277,0.7719455258412097
wald_46,0.10312249121851794,0.18777115424057314,0.4872041930085499,0.917283950617284,0.2990570271004299,0.8647488325631532
wald_47,0.11020968274536223,0.18770218770811145,0.4844521321575841,0.9314199395770393,0.31356251739049157,0.8703758843943388
wald_48,0.04940350014873865,0.1864145340732229,0.48957933746180626,0.9151103565365025,0.323012048617838,0.7623747133581622
wald_49,0.09354908585180584,0.18724600234390026,0.4953141589083696,0.9189236111111111,0.3931347317963839,0.8578715625401856
wald_5,0.0238183810999537,0.16774149812938466,0.37482520241723183,0.9000373795322683,0.24353066466364004,0.22982264614907347
wald_50,0.09524296071095945,0.1837631535031455,0.4519440827435314,0.9121597096188748,0.313724845374877,0.7917738301446428
wald_51,0.10175898598839003,0.18845014522175868,0.47247886831779606,0.9117021276595745,0.3102343029201484,0.8756761283200102
wald_52,0.08550475581775205,0.18841060457415898,0.4965830007708605,0.9262135922330097,0.31968305287755117,0.8162892747912409
wald_53,0.1148147395883346,0.18915978843040013,0.48056381446814156,0.9194610778443114,0.33839134724713704,0.8987787470491222
wald_54,0.07036138787947369,0.18455635456223676,0.4723603118622358,0.9123134328358209,0.3401195868167891,0.8313514972636746
wald_55,0.02701585756545608,0.1860033271424871,0.4794935058877222,0.9236702127659575,0.30123441599706813,0.8031360495248778
wald_56,0.11499931396747479,0.1886945830161947,0.44845075397826906,0.9127705627705628,0.3771692936332517,0.8705865222572904
wald_57,0.09278331063839101,0.19866028263469587,0.6105137425626349,0.8100538515201877,0.4155511604096126,0.9429521766576232
wald_58,0.1162425164813683,0.18687510188761874,0.5014261178098544,0.9258169934640523,0.33268100295643,0.8655182346554041
wald_59,0.03386229983719773,0.18874810276957163,0.5011895794625427,0.9122222222222223,0.32547361645050565,0.8921246572690379
wald_6,0.024132829263192688,0.16935675393535796,0.3709804589690934,0.90004194501502,0.2406654812921535,0.2517592514125685
wald_60,0.09463129739694236,0.1880900341586131,0.48988089983213634,0.9205521472392638,0.33335785526934325,0.8118857977607968
wald_61,0.0376907472613162,0.19084334779039522,0.5224978156988436,0.9126654064272212,0.4342354464522853,0.9318595184444147
wald_62,0.11407603644649163,0.1887193677294839,0.4921116393759717,0.9152941176470588,0.3180191691041175,0.8697030521610902
wald_63,0.10936893775908546,0.1887674439176749,0.5025838292138394,0.925,0.31947443334128567,0.88130455829812
wald_64,0.02634842940591761,0.1848000721410395,0.4479417219708528,0.9149068322981366,0.3127036323257336,0.6971344743356042
wald_65,0.10171974892616402,0.186727424152147,0.4809436214954861,0.9232091690544413,0.3013202680270931,0.8413852405553154
wald_66,0.10970940901118333,0.1933857094093488,0.5271127775284112,0.8789296596390864,0.39050728985916716,0.9447314593585009
wald_67,0.025908669053494395,0.18541944635775626,0.4720901967113862,0.9095477386934674,0.34505020333913283,0.7968733638448587
wald_68,0.09047601508043351,0.18709502268016973,0.47068846096839123,0.9134357005758158,0.32717662451496765,0.806527627955606
wald_69,0.07649273287869444,0.18750051308656354,0.49105690131108237,0.9133603238866397,0.31954619455039557,0.7035514444859374
wald_7,0.023832999708331564,0.16670200612824923,0.3783859936649545,0.9000368829661161,0.27312672044488817,0.22467677768071967
wald_70,0.12405777621332213,0.18789347081965296,0.49208934638588697,0.9146198830409357,0.31664016423481467,0.8542715337965981
wald_71,0.027561720451914663,0.18677831554939803,0.48177202281421905,0.9135514018691588,0.32807454786261014,0.7618605924457202
wald_72,0.02422673757342337,0.18639787917546247,0.4416540998547912,0.9131623931623932,0.31317797101719147,0.8325568424703796
wald_73,0.06866000057203248,0.1878502890251027,0.4488344711679374,0.9236151603498542,0.3021660045164132,0.8379892352032347
wald_74,0.08409599401334338,0.18732899277395243,0.49553883815465216,0.9183222958057395,0.3031949302681398,0.8376331197542805
wald_75,0.1012282214614807,0.18952520678703091,0.4932939374026323,0.93003003003003,0.3015838344953617,0.8714127672351317
wald_76,0.10846891500077864,0.18403571929258666,0.4677677275391323,0.9154103852596315,0.30934840906309624,0.7948767010631587
wald_77,0.10134293225879021,0.18377871381093108,0.4903810520818517,0.9150510204081633,0.3176229558640876,0.7938266206767077
wald_78,0.11309635701885988,0.18585456435355036,0.48557764114667723,0.9111313868613139,0.3188382536634664,0.8473695698674042
wald_79,0.1031833558355232,0.19052785197788588,0.45417968285889665,0.911896551724138,0.3283280518948481,0.9259290440563598
wald_8,0.02384000702063928,0.16936455326771283,0.3834056951974518,0.9000339331673218,0.23906114895053387,0.2357656157152561
wald_80,0.08974694973674059,0.18529516796248582,0.4500036742393354,0.9126106194690266,0.3007366808731827,0.7463761776914977
wald_81,0.10050878659338668,0.1871798018671794,0.487671543500095,0.9117647058823529,0.33430116669362825,0.8437128532012951
wald_82,0.03531815993373355,0.18806135285987308,0.4804592009345655,0.9205128205128206,0.34250010901885,0.7824967189050847
wald_83,0.10597880594350002,0.18827863777496678,0.485035251834003,0.9327777777777778,0.3376014644321235,0.8342999378338479
wald_84,0.12137487537686552,0.18721062479990935,0.4836805654440641,0.9352159468438539,0.30659568553319105,0.860456086298452
wald_85,0.057419600762702916,0.18523179235196333,0.4813773078774748,0.9135906040268457,0.3195129908393333,0.8269649175842128
wald_86,0.09595003051213279,0.18725266819723865,0.5048977258851642,0.932378223495702,0.3218552183280529,0.8578926367936985
wald_87,0.11536068947412033,0.188897899429901,0.49571347837749113,0.918,0.3660037725284292,0.8274736581967652
wald_88,0.06479265452776013,0.18732910388321067,0.4873399074439896,0.9149825783972125,0.3219092158434518,0.8534557799259638
wald_89,0.10640270366125888,0.18744584642422374,0.4974318404707403,0.9154185022026432,0.31516173021838173,0.8690534766359039
wald_9,0.02401765826556583,0.16901546062314737,0.3893827962838584,0.9000448470714862,0.23718390407593265,0.24630048581221312
wald_90,0.06076441814823422,0.19292058884299326,0.4216539072572204,0.9217252396166135,0.3197281869800719,0.8818335608980808
wald_91,0.10676983107490812,0.18588296742004848,0.4821393324062647,0.9119096509240247,0.3363689768947006,0.7009264322235368
wald_92,0.050858249425746564,0.18515718968646763,0.4772330505004795,0.9114035087719299,0.29237586205177307,0.793662486225861
wald_93,0.05342764073503234,0.18675312409311012,0.44025895764432565,0.9125,0.30781230880010535,0.8592615804544123
wald_94,0.050865114810442716,0.18831572705005883,0.48525728752066666,0.932716049382716,0.33067193583772847,0.8397093149351345
wald_95,0.08782016732266489,0.1832996314868629,0.4759540007165919,0.9127619047619048,0.32060206172849387,0.8155726645528666
wald_96,0.11113072542145912,0.18600480984243786,0.48407739075225387,0.9191919191919192,0.366715022016048,0.7844455924735656
wald_97,0.11789823448463163,0.18791912464147173,0.4628269683817624,0.9212218649517685,0.28917918693010713,0.8240443647727869
wald_98,0.10254242268232383,0.18740858615480183,0.46177627331603577,0.9143902439024391,0.3195835121523622,0.8091691883455667
wald_99,0.07119428562059135,0.18584680165019413,0.45244972363186864,0.9095400340715503,0.33369995556409315,0.8491032563021119
