0.0206927178111277,3.28390870530331e-12,159263,0.0503177830416695,51247,-0.855449916464492,0.995874750735266,beta1.csv
0.0208633126789034,3.31949908772247e-12,158851,0.0503645349260209,50969,-0.854086620141898,0.99584690184534,beta10.csv
0.0203447753208761,3.33264077946505e-07,512,0.0561183444897868,167,-0.910561135067193,0.996243879649709,beta100.csv
0.0228780377920413,2.59351867870658e-07,551,0.0535276278036046,184,-0.845924432831624,0.994717723087988,beta101.csv
0.0143260033914778,7.16005765451335e-07,343,0.0571685127866897,114,-1.06966342244328,0.997325766242329,beta102.csv
0.0176600328931495,6.72736976892368e-07,347,0.0552834401097097,110,-0.989856573939549,0.996748841255929,beta103.csv
0.0179901652797608,4.01047386232084e-07,442,0.0575896585221617,143,-0.950751054467482,0.996898243985867,beta104.csv
0.0252505630040837,4.09503402222643e-07,458,0.0519830658738666,145,-0.773523516269275,0.993364759549704,beta105.csv
0.0318377793544956,3.58611580900751e-07,487,0.0537589558328184,169,-0.702592475802323,0.991142638388833,beta106.csv
0.0254419943455233,8.54348396718685e-07,325,0.0559989000704373,115,-0.817985270756569,0.9939969809458,beta107.csv
0.0290883873197105,2.83167589279306e-07,541,0.0511500023844731,176,-0.762623630313998,0.993001240746486,beta108.csv
0.0154602794579245,2.36385441245241e-07,588,0.0589787513211604,208,-0.980899733402487,0.997729746260926,beta109.csv
0.0206491080411542,2.81149373533833e-12,172088,0.0503333539303323,55187,-0.856682709895114,0.995899691408133,beta11.csv
0.0170135836156031,2.96036887091441e-07,518,0.055150203536933,165,-0.931408358848813,0.996676487930343,beta110.csv
0.0215097455170947,6.70503928174209e-07,343,0.0603836934265172,132,-0.879962889438118,0.995557378170635,beta111.csv
0.0248827265815496,6.84058127795104e-07,347,0.0546172082153334,114,-0.820360977778475,0.994419540607127,beta112.csv
0.0281749679169329,3.20911851142179e-07,521,0.049113804695792,161,-0.727494736237632,0.992592973761932,beta113.csv
0.0167380545706811,4.80810000058414e-07,420,0.0620848471879029,151,-0.95443761766339,0.997216328567159,beta114.csv
0.0200960450137614,5.05111948464748e-07,421,0.0546355388377122,129,-0.91395130671273,0.996285634833158,beta115.csv
0.0206268855963992,7.49919284607518e-07,337,0.0545490106094518,125,-0.889534812197437,0.995978701705791,beta116.csv
0.0254432710825691,6.05001300060424e-07,367,0.053369328356616,117,-0.838903531847405,0.994007727135867,beta117.csv
0.0218975709830038,5.43576223702183e-07,390,0.0586709577470906,130,-0.871274221478626,0.9955308165683,beta118.csv
0.0190115928277208,3.70560782452216e-07,460,0.0552493033498657,154,-0.876082191068724,0.995814081738738,beta119.csv
0.0204487925969635,2.91294265330761e-12,169180,0.0503384091651775,54251,-0.860076052051729,0.995963311688838,beta12.csv
0.0187861947522094,3.569545894084e-07,468,0.0560770147324417,156,-0.935434120836192,0.996849832561105,beta120.csv
0.0206023522918902,3.52556780818099e-12,153824,0.0502889282247028,49354,-0.856174488409743,0.995889520477373,beta13.csv
0.0204930582725552,2.44157936563459e-12,184823,0.0503548153598386,59447,-0.858697113569913,0.995938466043105,beta14.csv
0.0209052285160122,3.5116461695241e-12,154360,0.05012880802462,49330,-0.851999386361453,0.995807298804305,beta15.csv
0.0206460896668371,3.06239517864672e-12,164944,0.0504046328560845,53050,-0.856427455420691,0.995893756611239,beta16.csv
0.0206281180118171,2.29651532803032e-12,190169,0.0502927210517155,60915,-0.85791710064521,0.995923906744332,beta17.csv
0.0208929540726426,2.87981977776922e-12,170062,0.0501530019870888,54545,-0.853556122348326,0.995838055097823,beta18.csv
0.0204838425764988,3.48709175486162e-12,154658,0.0502231611780962,49709,-0.857935158993559,0.995923800487702,beta19.csv
0.0203352162407008,2.35209157326318e-12,188235,0.0502391511526208,60351,-0.860921102632066,0.995980779401359,beta2.csv
0.0208583916638594,2.94182111249375e-12,168189,0.0503220837044969,53924,-0.853605206695454,0.995839571815597,beta20.csv
0.02144209434732,3.85666766269144e-07,468,0.0593941354338366,155,-0.886799683726297,0.995845134714689,beta21.csv
0.022049150427864,2.73292862040339e-07,557,0.0542020391694831,196,-0.851021411498758,0.995272804482855,beta22.csv
0.0242063480895218,3.75470452665181e-07,488,0.0525942063103192,166,-0.795150084869458,0.994280699913041,beta23.csv
0.0230222446121373,4.72414842021619e-07,420,0.0543908756136231,142,-0.83257738026503,0.994856165182911,beta24.csv
0.0194987406933737,6.53097922134832e-07,343,0.0609935784243033,111,-0.951267565069136,0.995885328672465,beta25.csv
0.0250222924498495,5.19671638563517e-07,410,0.0526575996392247,139,-0.794840480992082,0.993796865190982,beta26.csv
0.0232807146533107,5.47855114488671e-07,384,0.0562072255231404,133,-0.847152616586536,0.995077404676949,beta27.csv
0.0153328370624368,5.92616186258365e-07,381,0.0580172055263567,122,-0.974435363642463,0.997215737469362,beta28.csv
0.0279093075281644,2.84896662439873e-07,535,0.0545836236521932,167,-0.814715932473199,0.993156834305736,beta29.csv
0.0207096623310196,3.19990046139025e-12,161218,0.050104121985503,51448,-0.856479402090649,0.995891927986772,beta3.csv
0.0136042116571568,5.78184603821772e-07,381,0.066345902467262,132,-1.03007028161488,0.998277590546958,beta30.csv
0.0233081672249019,3.40806099043496e-07,499,0.0500734425584958,171,-0.827260950657065,0.994384065243625,beta31.csv
0.0213108152583351,3.98315374298128e-07,453,0.0536744438485716,149,-0.849666811637146,0.995208877767427,beta32.csv
0.0148917977274608,8.79786336139656e-07,304,0.0572493425435395,107,-1.03245982930393,0.997416779808826,beta33.csv
0.0240496637465234,4.28595783957974e-07,447,0.0537940055260596,160,-0.798241660593474,0.994200594905402,beta34.csv
0.0261072164362879,2.66110498789077e-07,572,0.0504320901510803,172,-0.786369982951268,0.993935957548869,beta35.csv
0.0205130657851805,3.03766130155154e-07,517,0.056023881651891,174,-0.900783408585214,0.996304218043129,beta36.csv
0.0197813866266981,6.73040475803926e-07,355,0.0579572541135136,117,-0.91946522215007,0.996260968623768,beta37.csv
0.0184688847961573,6.03369553152742e-07,367,0.0636012698318317,125,-0.962860850735029,0.996723400263729,beta38.csv
0.0266010251786659,7.89420805064128e-07,321,0.0559817738814636,114,-0.837019015247602,0.993775249242794,beta39.csv
0.0204721339998867,2.91861639493363e-12,168853,0.0503048876956086,54246,-0.859027241377085,0.995945057789439,beta4.csv
0.0221662815850922,7.75124304658166e-07,328,0.0602522831471344,111,-0.90017561920163,0.995766355842374,beta40.csv
0.0244513101989357,4.58240406564938e-07,423,0.0599247025656388,153,-0.904017156983731,0.994685953217434,beta41.csv
0.0112077832732119,5.78670209634765e-07,385,0.0642813254280579,124,-1.06143206831074,0.998407361927616,beta42.csv
0.0226398994923702,3.57482685437735e-07,481,0.0521012536668539,155,-0.827643799007668,0.994691994896108,beta43.csv
0.0191949126424725,2.31436873304229e-07,596,0.0576928990208354,202,-0.90825792074411,0.996453755150327,beta44.csv
0.0266046027886654,5.32477325275228e-07,411,0.0525350029356179,141,-0.750519395255484,0.992853352032116,beta45.csv
0.0186045054216362,2.44415838531236e-07,586,0.0589558071455693,212,-0.904015178706481,0.996424742878914,beta46.csv
0.0230935502189502,4.07139535169026e-07,440,0.0545236700428895,139,-0.837371159651195,0.994793902531258,beta47.csv
0.0223946536546302,3.66820436568862e-07,496,0.0537401119733569,179,-0.850964479528259,0.995207358800345,beta48.csv
0.0189192614263067,4.31157797999932e-07,429,0.0559036316552614,136,-0.915520096480594,0.996071745099062,beta49.csv
0.0206694261338127,2.24234897910623e-12,193045,0.0502090862295095,61613,-0.856418723047686,0.995894404280364,beta5.csv
0.0143949923576295,2.60117502172197e-07,563,0.0594092692052991,193,-0.999223118961853,0.997900423654573,beta50.csv
0.0223531181101227,7.77935078482842e-07,341,0.0561365254029939,115,-0.875043918616775,0.995378267930691,beta51.csv
0.0249365918485722,3.2231586153178e-07,499,0.0583856549970698,175,-0.813525566632773,0.994409531496079,beta52.csv
0.0241247643864369,5.66152218580918e-07,395,0.0540745696902351,135,-0.856213012562427,0.995087280053948,beta53.csv
0.01760597183021,2.331177752754e-07,588,0.0584705341607502,206,-0.935620212473179,0.996981624616871,beta54.csv
0.0353893374515123,3.66056178362049e-07,482,0.0555087781308802,156,-0.658635281043385,0.989969858933611,beta55.csv
0.0214693550765398,4.57968072683408e-07,428,0.0576005843462821,144,-0.84062687628845,0.994516882872962,beta56.csv
0.0198946209042679,8.13200596101402e-07,321,0.0573859871236724,107,-0.932668797794254,0.995646258786369,beta57.csv
0.0178617304168314,4.19030155424714e-07,451,0.0594111926042056,143,-0.947189337692682,0.996668205851223,beta58.csv
0.0148944489285339,4.73375856553455e-07,416,0.0555620106504875,128,-0.970957409355033,0.997148826213434,beta59.csv
0.0208104581856686,2.53333159635104e-12,181139,0.0500684692621547,57887,-0.852746890616703,0.99582227131285,beta6.csv
0.020997152737461,5.96443625826828e-07,385,0.0593847597452568,130,-0.920289006762461,0.996172289274177,beta60.csv
0.0213339721826493,5.89932417529699e-07,383,0.0559711662962409,138,-0.858978850723787,0.995494490287545,beta61.csv
0.0281993257261455,4.33833336349958e-07,442,0.0518351720268655,144,-0.741991695197161,0.992844742831736,beta62.csv
0.0271853900490652,2.86022898171443e-07,537,0.0520381331898621,176,-0.792201122747258,0.993198284034506,beta63.csv
0.0193702054845466,4.62584065968224e-07,405,0.065850182745519,149,-0.948847088339923,0.996816954096711,beta64.csv
0.0224159356637457,7.06529641928676e-07,350,0.0575968643528191,115,-0.89225336551479,0.995335246559237,beta65.csv
0.0231242545763748,3.55918501351833e-07,465,0.0546631520181591,148,-0.85344713532669,0.994711648872092,beta66.csv
0.0225831192073751,2.82903290872917e-07,560,0.0566632488207425,195,-0.851799570555574,0.995350136351191,beta67.csv
0.0204377812442488,4.08355513056047e-07,450,0.0552410769795263,146,-0.865414521152493,0.995413685420341,beta68.csv
0.0214837426067723,2.39847573201299e-07,598,0.0559313499189267,191,-0.857406630076143,0.995497822965108,beta69.csv
0.0205331074330982,2.21857596842123e-12,193828,0.0501971680925375,61729,-0.858368889285506,0.995932474532105,beta7.csv
0.0204624576895898,2.79344777120195e-07,538,0.0539852206485388,191,-0.871568808636717,0.995658008760775,beta70.csv
0.0229929960859788,2.70475947930285e-07,564,0.0529648370129327,182,-0.830877956007267,0.994989359621976,beta71.csv
0.0191276893313536,2.83002032939958e-07,536,0.0587505050254326,179,-0.924374549712546,0.996472113657322,beta72.csv
0.0236241352707849,8.34301240915417e-07,312,0.0609602051847559,112,-0.832886579707314,0.994658014661411,beta73.csv
0.0245572796917902,4.24072600234453e-07,453,0.0479654983309208,148,-0.764230109463375,0.993576041166212,beta74.csv
0.0190802495468447,4.58931669506437e-07,432,0.0559759872760227,144,-0.892519059242309,0.99568010505276,beta75.csv
0.0287687020745583,6.79344350728219e-07,350,0.0581047364727903,117,-0.770289438531238,0.992820528426573,beta76.csv
0.0190201244018105,6.85788917257242e-07,359,0.0580074352430116,128,-0.901417135230731,0.995627595493905,beta77.csv
0.0216871647825457,8.81609285395746e-07,317,0.0614399416462827,105,-0.896337518197917,0.996023291485038,beta78.csv
0.0267030526360538,5.6929740783266e-07,385,0.0537688149463093,139,-0.804324386995338,0.993923756568691,beta79.csv
0.0206218739450982,3.41518858634557e-12,156320,0.0501190632397228,50012,-0.855207341324233,0.995870349106166,beta8.csv
0.0236327748168777,6.25797526518665e-07,356,0.0548520924042826,127,-0.822699199558666,0.994258987848117,beta80.csv
0.0257188748390823,4.72053783618468e-07,430,0.0516555616786862,140,-0.766370164104198,0.993387126194186,beta81.csv
0.0326089095860909,2.38277827563364e-07,566,0.0506657185150637,184,-0.673359846503765,0.990939494276368,beta82.csv
0.0186193611487179,6.48800820189948e-07,351,0.0624785841379763,132,-0.931731902785777,0.996414828823515,beta83.csv
0.0204295604853296,5.70042920277544e-07,382,0.0527508954770457,126,-0.898630817302419,0.996070701286658,beta84.csv
0.0198785094771895,3.57894476692724e-07,487,0.0557510528035718,166,-0.888319101814304,0.995948634651902,beta85.csv
0.0185351206679815,4.86605776300413e-07,415,0.060946872444289,141,-0.964890258682213,0.996833811674849,beta86.csv
0.0246419390071866,5.40448868783177e-07,388,0.0541798582421136,138,-0.806785428011736,0.994189623437562,beta87.csv
0.0195104132228809,6.44989482258943e-07,355,0.0642794969032979,133,-0.944933773446767,0.996318192364563,beta88.csv
0.0234826058138087,3.64259712818137e-07,468,0.0577115479813528,171,-0.86877291672465,0.994894381099498,beta89.csv
0.0205973700074846,2.35786970374819e-12,188106,0.0501436873880927,60179,-0.855706793115091,0.995881096107959,beta9.csv
0.027021909108045,7.20358779707717e-07,344,0.0643021091362609,119,-0.916629933394172,0.994047066537587,beta90.csv
0.0253650928258969,2.433703834923e-07,587,0.0550704482009377,197,-0.851533422182403,0.9940741324053,beta91.csv
0.0140806404550177,3.39638447590095e-07,500,0.0614187556145298,176,-1.00475643479562,0.997807078348605,beta92.csv
0.0207501306356247,4.02590232103076e-07,466,0.0537104950199693,138,-0.865220143524985,0.995542503734003,beta93.csv
0.032185017564457,4.68591359458942e-07,401,0.0549656318994666,138,-0.71145071991772,0.990967911955153,beta94.csv
0.0267415454464707,6.31642592826764e-07,359,0.0567767684766667,125,-0.785768887310152,0.993717991369156,beta95.csv
0.0196702985785591,3.16051219850903e-07,506,0.0576245693825889,163,-0.89972978042138,0.995862018255605,beta96.csv
0.0239162144878361,4.45792098321073e-07,435,0.0530087080119139,135,-0.80486417167977,0.994164318586265,beta97.csv
0.0204114375659079,5.47879831360162e-07,384,0.0609610279067947,129,-0.890503433102826,0.995798716292297,beta98.csv
0.0162888912034773,4.76620049916651e-07,430,0.0610629476950429,154,-0.968819064677424,0.997348940599578,beta99.csv
0.0649809834060004,2.82227023259072e-12,172083,0.00523423014897313,15258,1.157927910657,0.955147221151492,logis1.csv
0.0646711738348998,2.50506005145814e-12,182637,0.00540445370809934,16502,1.202358162794,0.9550233478156,logis10.csv
0.052255493603912,4.03637081623551e-07,461,0.0193441300034793,91,0.592615886217947,0.967542766810548,logis100.csv
0.0724067341656052,2.79119297761178e-07,548,0.0167623654434402,93,1.31211036805722,0.948156612176864,logis101.csv
0.0673091372680758,3.68428307444064e-07,473,0.0179825476725144,85,1.14846076922647,0.951463248156912,logis102.csv
0.0610343134456434,3.79070728087806e-07,476,0.0158076463275246,80,1.33610412281725,0.957479144509519,logis103.csv
0.062391169174126,4.20238272649431e-07,447,0.0253756737773517,97,0.562268948794423,0.960904130111667,logis104.csv
0.0659372277656938,2.90174761946367e-07,527,0.0211311644301644,103,0.757247470734467,0.957266347615812,logis105.csv
0.0665899194040456,2.52874658537187e-07,557,0.0197239086778535,111,0.869639831850096,0.955764959141537,logis106.csv
0.0569910660701083,2.6871028284667e-07,577,0.0194605086340894,114,0.512563395567028,0.966066080110458,logis107.csv
0.0704828309232967,2.84381750816518e-07,534,0.0136429644194491,95,1.48067019815658,0.949662687687731,logis108.csv
0.075026191258505,4.15369470085368e-07,458,0.0174494068586922,84,1.79538546653787,0.940376833058662,logis109.csv
0.0652603419022953,3.13178009188536e-12,163394,0.00596180213447438,15678,1.1902375881982,0.954735846153511,logis11.csv
0.0601925733116036,2.69366527971469e-07,588,0.0157709429149822,106,0.89705999139144,0.960905480633112,logis110.csv
0.0520105337951993,5.78596333183001e-07,384,0.0197829142496377,68,0.454873917562593,0.968795296537384,logis111.csv
0.063708229014676,8.46289174296132e-07,326,0.025861654288377,70,0.478863960239848,0.960858962252619,logis112.csv
0.0699749533543022,5.97850079367528e-07,358,0.0267325044721873,82,0.544515589408998,0.957066651486692,logis113.csv
0.0556073255252643,2.76977055464876e-07,555,0.0278110592756959,131,0.514404317980821,0.96549137217179,logis114.csv
0.0542261767007664,6.29850936065547e-07,374,0.0231096479009517,74,0.408406009014237,0.967753814238751,logis115.csv
0.0629010614282422,3.44749212071053e-07,503,0.0144704777022613,70,1.71006621463339,0.951478781844492,logis116.csv
0.0695557188893252,2.48996028300965e-07,592,0.0192021718002401,103,0.973468700357787,0.95225203033148,logis117.csv
0.0692092689057049,2.78089849569497e-07,550,0.0207581900403864,115,0.754018443116874,0.95572270826461,logis118.csv
0.0591664642172531,3.22995989079575e-07,511,0.0251545442378633,115,0.396879407341473,0.965463388955362,logis119.csv
0.0650955845118702,2.26491851305314e-12,192020,0.00579947020685603,18093,1.17054779395731,0.954944292041684,logis12.csv
0.0491795030293455,6.61256397161375e-07,344,0.0259798378508791,76,0.0444124728511888,0.974854410758657,logis120.csv
0.0650023459561418,2.78195327067803e-12,173075,0.00504453169165833,15018,1.22148406629865,0.954840479497856,logis13.csv
0.0653340090113009,2.72242814556775e-12,175070,0.00573672170739438,16383,1.219185813065,0.954447282990618,logis14.csv
0.0650625271196823,2.79775483090656e-12,172644,0.00446811282408198,14056,1.23294903803165,0.954769733670471,logis15.csv
0.0656747643003721,3.39739588277315e-12,156587,0.00577201408704783,14787,1.23113251508936,0.954034622147969,logis16.csv
0.0652439738278867,2.46424246091837e-12,183744,0.00616875927647906,17985,1.18219396935351,0.954842759378686,logis17.csv
0.0646267206112094,3.47434197708366e-12,154575,0.00599204269381808,14826,1.09812856524157,0.95582028402489,logis18.csv
0.0646354156847704,2.22399345664929e-12,193759,0.00615930187815677,18826,1.13846763512891,0.955479224497562,logis19.csv
0.0648466899406613,2.39603122078618e-12,186707,0.00728221505553664,20150,1.09829829625251,0.955693548607743,logis2.csv
0.0644924469572769,3.09621023047184e-12,163641,0.00588675832068066,15696,1.11823649340651,0.955852435495848,logis20.csv
0.0687599002654157,2.41302646880038e-07,595,0.0197024198265037,114,1.24744473451436,0.951104591733989,logis21.csv
0.067258446452271,6.13896563435278e-07,382,0.0170030160897771,69,1.8520673015438,0.949137643193858,logis22.csv
0.0603819142990918,3.21434424298209e-07,496,0.0242679878630899,107,0.51769423171515,0.963318048825436,logis23.csv
0.060744493131594,2.25598369902214e-07,598,0.0166643433076266,101,0.81525286678953,0.961270650674538,logis24.csv
0.0636378830424114,5.17879431992925e-07,405,0.0239567362378383,89,0.579742422320981,0.96119888084327,logis25.csv
0.0647592636845165,5.4663380811493e-07,397,0.0162731955648163,62,1.63649907646571,0.951446377891388,logis26.csv
0.0612324606074298,2.50979970634428e-07,581,0.0206062989226965,120,0.548142054946186,0.962462094000131,logis27.csv
0.0500121347791668,2.28267243712951e-07,586,0.0198025113846247,116,0.297035360959434,0.972095645958773,logis28.csv
0.0604161118464424,4.2889684490765e-07,442,0.0236819585991938,90,0.457091303665923,0.964076720626167,logis29.csv
0.0654503712292981,2.62947108858122e-12,177864,0.00592104157375488,17137,1.15999926211764,0.954848798431344,logis3.csv
0.0759815210253623,7.83376190649372e-07,328,0.0175106470504113,62,1.96797910096127,0.939196081273759,logis30.csv
0.0602909222012735,8.88311597661289e-07,306,0.0207524783258203,57,0.901447507859082,0.959460034878778,logis31.csv
0.0634145949000368,8.54837445831377e-07,321,0.0262353008310004,77,0.380658159154313,0.963465667798771,logis32.csv
0.0673860645785931,2.6001188848803e-07,572,0.0140006589653022,85,1.66640698749126,0.947829601461481,logis33.csv
0.0614401584958417,2.57531547643462e-07,563,0.0199783865867643,119,0.665013444207188,0.96084369539883,logis34.csv
0.0640653018438408,2.78886125285085e-07,543,0.01536867196391,84,1.31004422863359,0.955151509026629,logis35.csv
0.0774658847866098,2.22392640467856e-07,598,0.0173762060499554,110,1.52441061726787,0.941003435909928,logis36.csv
0.0756432499549025,5.18044596230428e-07,404,0.0158124754023068,72,1.54643437841671,0.944867615433979,logis37.csv
0.0683529738014269,3.48255460423041e-07,488,0.0182481156498944,102,1.04008144794269,0.952798754655461,logis38.csv
0.0616906981746736,7.59047981245367e-07,337,0.021848883627232,63,0.710724787307738,0.960920550283322,logis39.csv
0.0643816508521163,2.36605347003089e-12,187675,0.00476264615130802,15734,1.16351854790091,0.955739228751192,logis4.csv
0.0699168886836255,4.02440160852615e-07,453,0.0149568090350366,69,1.30473371797397,0.949821079594942,logis40.csv
0.0596854138540064,3.22509741396558e-07,493,0.0211487580464528,96,0.664896407073306,0.962233752195204,logis41.csv
0.0636661509718142,3.76262914485948e-07,471,0.0265442105773021,109,0.445114559002751,0.962721098806031,logis42.csv
0.0736677598444472,3.43542762854746e-07,489,0.0199467867972831,91,1.19453987303123,0.947884404515635,logis43.csv
0.0674396309291842,6.38582255229973e-07,367,0.0260650708513246,78,0.762212441186719,0.956217314465498,logis44.csv
0.0660807948145849,4.90547460412608e-07,405,0.0216619264459312,82,0.763778039927361,0.958190423673453,logis45.csv
0.0607095094038533,2.99372911824781e-07,527,0.0181262505788696,85,0.724571492718002,0.960913237913864,logis46.csv
0.071139968662673,4.363248412501e-07,442,0.0178986165332756,73,1.26492388260106,0.9474218811789,logis47.csv
0.0624675060550959,2.68417545337679e-07,551,0.022496579000404,113,0.508121317598185,0.962584568994825,logis48.csv
0.0705056506554999,9.61473353426898e-07,299,0.0224283812616895,64,1.05687448168779,0.951103141092168,logis49.csv
0.0652825341225903,2.63982126105741e-12,177443,0.00553709071197646,16408,1.2062596096533,0.954593694693744,logis5.csv
0.0702724966835339,2.54451983363803e-07,576,0.0114000392077212,73,2.0592374780062,0.946340961139146,logis50.csv
0.0526085211133839,4.91554582446344e-07,413,0.0235608386730809,89,0.217653781253822,0.971977273988389,logis51.csv
0.0569600934899926,4.82791904785028e-07,411,0.0221895423285999,90,0.432159270560827,0.96594832273488,logis52.csv
0.0526806438460843,6.37203159853065e-07,355,0.0194341732840716,64,0.928098782441216,0.963350701930702,logis53.csv
0.0605378251570667,5.50829031103182e-07,381,0.0227202996410262,84,0.602279809235584,0.961659993823989,logis54.csv
0.0600934804382295,3.46678663594511e-07,503,0.0238552817654148,118,0.485966553298187,0.963708229949606,logis55.csv
0.0643279979016591,2.40392355684829e-07,566,0.0140223679075547,85,1.51810972289419,0.952513241764609,logis56.csv
0.0624650876153907,2.87360678724527e-07,538,0.0228619635006274,120,0.555620103158502,0.961879852661206,logis57.csv
0.0650721526136732,4.26499298920546e-07,443,0.0229695815566018,98,0.618231045731596,0.959542970344775,logis58.csv
0.0709501798404914,3.0239722617374e-07,511,0.0172891601124091,87,1.40235351579394,0.948296653057298,logis59.csv
0.0647104625695557,2.48369179299981e-12,182957,0.0057977146119699,17087,1.15085161349162,0.955473167801719,logis6.csv
0.0603930097290432,6.55895133247541e-07,361,0.0243384061770594,85,0.473557011132034,0.964583493919609,logis60.csv
0.0612916313576789,5.5456724873334e-07,380,0.0269228866778861,91,0.448002558386987,0.964201677058176,logis61.csv
0.0655077385764659,2.71513849105828e-07,563,0.021179909437407,112,0.752326361094771,0.957951934071303,logis62.csv
0.0659661063707273,6.95227947400754e-07,359,0.0262617389130362,83,0.64716810227972,0.958066106731415,logis63.csv
0.0725460212437238,5.70102384707896e-07,398,0.0228673613519299,86,0.942925988829252,0.950902996323553,logis64.csv
0.0642009887651156,2.27218995090152e-07,596,0.0199650056499198,113,0.72632210464999,0.958612200891856,logis65.csv
0.0482956840062101,8.83377212466922e-07,322,0.0297001481083227,84,0.060355353918033,0.974487510808327,logis66.csv
0.0586060687513299,2.49745014657839e-07,570,0.0168641737063387,100,0.758468231055977,0.963950661490943,logis67.csv
0.0616225188436039,2.88258115828957e-07,533,0.0255013128254897,115,0.376531770784122,0.964784268278974,logis68.csv
0.0560956682830477,2.40322117083166e-07,595,0.020707380775269,118,0.594185370866501,0.964405322929235,logis69.csv
0.0649288818924485,2.22400549325232e-12,193364,0.0059670648711344,18540,1.19065902696987,0.95504778527984,logis7.csv
0.0650632802405312,6.78124830037106e-07,352,0.0199893448718155,68,1.2450192393348,0.954860117781869,logis70.csv
0.0616147649889719,2.94732029476838e-07,553,0.0207939188930617,112,0.661714842611722,0.961092110842054,logis71.csv
0.065858722217764,4.81221218179335e-07,422,0.0169955986752718,73,1.2098854122174,0.952076212760615,logis72.csv
0.0640769807832893,6.1432376202683e-07,369,0.0256069882515051,82,0.496580419873792,0.961890532593682,logis73.csv
0.0526579854600489,3.22672208476345e-07,489,0.0287454555938923,126,0.0691104338416482,0.972695946224345,logis74.csv
0.0770037286282805,2.62351575305926e-07,566,0.0172037961116461,107,1.46808973773365,0.940996277337594,logis75.csv
0.0648026593360886,2.80747167693644e-07,535,0.0231045099788643,114,0.664503565088534,0.959063115137779,logis76.csv
0.0711337432201973,4.07218905901506e-07,453,0.0205896919952518,96,1.22950222298914,0.94848919640731,logis77.csv
0.0610910829727131,2.38832366993019e-07,587,0.0218185012375459,131,0.466028015637107,0.964235586298468,logis78.csv
0.0613387304228801,5.01616793538972e-07,425,0.0178363467563146,73,0.824000911624167,0.960629641526594,logis79.csv
0.0652088113443948,2.70185227444774e-12,175760,0.00598692549778543,16821,1.17367669659493,0.954835377448116,logis8.csv
0.0653665873835629,2.66715868823184e-07,559,0.0217570028609157,123,0.649039307825506,0.958943192629067,logis80.csv
0.065100565804343,3.14649784964116e-07,496,0.0175049094836266,91,0.900230732414629,0.957593261050938,logis81.csv
0.0533348679675199,2.97972340267568e-07,532,0.0193191870272227,101,0.535246436690403,0.967257700884078,logis82.csv
0.0662080172385501,4.07308905883216e-07,450,0.0239061894293075,106,0.531137039126973,0.960601224454236,logis83.csv
0.0566302249431003,3.381501943557e-07,490,0.0238208630028843,118,0.363015942255452,0.968138944044823,logis84.csv
0.0470210001477795,5.0339530423736e-07,402,0.0249845090321373,92,0.048633430173918,0.975471673320287,logis85.csv
0.0608108577791906,6.1134395484699e-07,381,0.0208450170690389,69,0.8931810476777,0.958668156331645,logis86.csv
0.0528355789491047,5.56104261590941e-07,388,0.025578841129405,85,0.182268711056075,0.971314024146344,logis87.csv
0.0495905868007732,6.24599940158945e-07,364,0.0299344475107056,86,0.0288494535169352,0.974215134782213,logis88.csv
0.0584325635740332,2.88192784337076e-07,545,0.0241391645930493,123,0.447718544268646,0.965201476001935,logis89.csv
0.064419796476341,3.66451150128789e-12,150896,0.00501695040125659,13123,1.16007162644664,0.955750572806688,logis9.csv
0.0704045592448485,4.63541682223292e-07,421,0.0239415727764069,101,0.714710031246989,0.954426284797162,logis90.csv
0.0575668823138965,5.2062914761124e-07,406,0.0247464455223683,92,0.19053267030535,0.969449201988613,logis91.csv
0.060131618681037,4.44503671588976e-07,434,0.0244202876396886,101,0.439569268313151,0.964526698198977,logis92.csv
0.0599788025508452,3.33300102669828e-07,505,0.0195326410481493,82,0.722790476587162,0.961244466900918,logis93.csv
0.0607955788061208,5.47943558927344e-07,380,0.0212497552348596,82,1.02873175745685,0.958700964484795,logis94.csv
0.0687650300963997,6.6324565221671e-07,344,0.024726245613004,74,0.629551963103141,0.956615716949101,logis95.csv
0.0611951266432766,3.91747061469888e-07,457,0.0172151365776566,82,0.83352411044863,0.95981729091965,logis96.csv
0.0641796700498081,2.8124847939724e-07,548,0.0224937489026584,117,0.675573031563929,0.95935218512286,logis97.csv
0.0683035857608265,2.59612753609679e-07,565,0.0229831097166951,121,0.795760858213385,0.955288811494987,logis98.csv
0.0675708310276294,2.69846890354028e-07,556,0.0231455078132819,124,0.897115999111712,0.954488382998038,logis99.csv
0.168835186045273,2.30909062594386e-12,189756,0.000545497442252794,5442,82.4254432230933,0.694189060974705,logn1.csv
0.168707071413843,3.60633528471031e-12,151844,0.000730112840882745,4865,73.8821522485274,0.694286347062669,logn10.csv
0.174221811232192,3.93421363483713e-07,462,0.00556873907241354,28,58.4602759522758,0.67166232839863,logn100.csv
0.185835931807557,2.97550331162759e-07,544,0.00671895201284355,40,48.1731075017173,0.635837905306232,logn101.csv
0.153593898819799,6.48300321152618e-07,357,0.0224301437385292,44,8.41482720445422,0.777863197521171,logn102.csv
0.163512496723154,3.2791186071253e-07,509,0.0105422371723715,47,26.2278110521969,0.724633389745747,logn103.csv
0.149748580397728,5.47595425731187e-07,392,0.014191535851558,42,13.5735001745126,0.778299379034372,logn104.csv
0.170893442161615,2.7663737187008e-07,560,0.0123154129934957,60,17.9020591643889,0.714308907902072,logn105.csv
0.18228647237829,4.97769487697906e-07,399,0.0100468926086684,32,33.7135298866851,0.65309521521693,logn106.csv
0.143916211292522,5.67282217157498e-07,379,0.0199098180516613,48,10.0464771088968,0.794387644454424,logn107.csv
0.178053112273646,4.3742769386898e-07,443,0.0108001479038487,44,25.1398632915836,0.681641878270358,logn108.csv
0.153146635481841,3.46286859361343e-07,499,0.0164159025066446,65,10.9559710818953,0.772912172611732,logn109.csv
0.168905183818406,3.55254690764682e-12,153424,0.000806172818836016,5248,59.7259284862903,0.69635538477488,logn11.csv
0.174295617039101,5.40715662908204e-07,390,0.014563945220552,38,19.6991333975615,0.700211810586999,logn110.csv
0.17562623356145,4.40862445829617e-07,425,0.00920904710394806,36,30.9008120830715,0.68202189299447,logn111.csv
0.166277462619938,2.57407795138602e-07,578,0.00631360653046488,37,43.6282758499118,0.698134375234448,logn112.csv
0.156397933403799,2.84738961255204e-07,531,0.00743912959438484,51,28.9334691860285,0.743372670122403,logn113.csv
0.177041808933692,6.30900810974633e-07,361,0.00619449482038105,22,62.3775228478244,0.655682293568326,logn114.csv
0.20751346828366,2.12752155177927e-07,598,0.00219353541853008,15,312.993484067427,0.48763020110467,logn115.csv
0.160987356582395,3.13901674098883e-07,521,0.00516766700829249,35,59.2249177834395,0.710210960097625,logn116.csv
0.181670226317104,4.68688683927302e-07,417,0.0129818050245589,44,24.2757967860839,0.668256482550427,logn117.csv
0.167552486824716,7.39243996057129e-07,340,0.0113066898761132,32,22.6751331220713,0.71597762769932,logn118.csv
0.158679804783514,2.35072280004494e-07,597,0.0123235262444134,63,19.5365223439261,0.739136870123004,logn119.csv
0.171736757412569,2.17775465848061e-12,195560,0.000796360088391966,6413,74.1366902321201,0.681722685742745,logn12.csv
0.172396489141075,7.30223060929694e-07,340,0.00715142896880123,27,47.1898202782226,0.678218298354861,logn120.csv
0.171213173671181,2.12526705253987e-12,198055,0.000568621232576423,5645,93.3224679973006,0.682344241379204,logn13.csv
0.168749479571037,2.79235686219573e-12,172443,0.000395592133556324,4383,115.65837708837,0.692676495772503,logn14.csv
0.170804646108595,2.23107922460229e-12,193135,0.000164909813151009,3451,238.517962466567,0.683860037729893,logn15.csv
0.169775098087163,2.60351249044945e-12,178948,0.000735425449086781,5795,78.4306330656987,0.690222732874804,logn16.csv
0.169078734031289,3.66541816150402e-12,150795,0.000333108652127633,3586,106.596473565929,0.693579238803567,logn17.csv
0.170358239276919,2.71026912825217e-12,175417,0.000626799902113065,5409,79.9600007430497,0.688266501824544,logn18.csv
0.172122223074155,3.39423577106771e-12,156567,0.00018223330884166,2882,249.386502083408,0.675888840823434,logn19.csv
0.171933761888383,2.27135073029893e-12,191349,0.000156643815406265,3329,299.006937755844,0.67690279160561,logn2.csv
0.170060149832392,3.19928810617329e-12,161172,0.000699024085850709,5086,67.4492155210664,0.690499624251358,logn20.csv
0.189536670008808,3.21966214863663e-07,491,0.00622211690818782,33,58.044700817003,0.615700567476209,logn21.csv
0.176886206420306,6.79739341176493e-07,360,0.0121805923735109,31,34.3112840800617,0.666655383697516,logn22.csv
0.163209344357331,2.60321807372699e-07,559,0.00641277050610207,46,37.1691076204144,0.719614715035568,logn23.csv
0.172242053909783,2.63583250407874e-07,589,0.00536978538352104,34,55.4530684318383,0.67895518149098,logn24.csv
0.155547100049206,3.43046251657428e-07,499,0.00937099739497051,46,24.7712004040047,0.744134023254758,logn25.csv
0.156599229740033,8.03288918736001e-07,315,0.0178570010099973,40,12.1714521652728,0.762505073942532,logn26.csv
0.179442932468728,5.02926044109425e-07,411,0.0090701764565198,32,34.9278376162105,0.662834847436621,logn27.csv
0.170654737309918,3.80290427080748e-07,471,0.00846272347157716,39,37.4023537422242,0.688501056703966,logn28.csv
0.136481298538879,7.53511478934277e-07,322,0.0210873104597144,46,8.0347854694117,0.817667867489935,logn29.csv
0.170513216464362,2.51832720648188e-12,182044,0.000652026976323528,5583,78.9823235926782,0.68796188232876,logn3.csv
0.168860085407774,4.55447870101811e-07,434,0.00947384040328416,38,29.1524584757335,0.703557260844387,logn30.csv
0.191490127541435,3.67410319703618e-07,470,0.00358789164844212,24,142.444549863954,0.578651871909279,logn31.csv
0.169704674613073,5.36465799759608e-07,405,0.00983616665778057,40,24.1910418769949,0.710055751238331,logn32.csv
0.163134404403423,3.85829860175634e-07,462,0.0111278471935381,41,23.7626116476272,0.720861575292598,logn33.csv
0.159105510906183,2.56388047294257e-07,577,0.0201416567340998,77,10.6757731549726,0.75993747402321,logn34.csv
0.151867672217134,2.55762525605804e-07,580,0.0117359110397727,57,16.949142366959,0.76619457586317,logn35.csv
0.190127291931645,5.19811824537554e-07,406,0.00427256199120322,25,114.254113112512,0.590119291725914,logn36.csv
0.163315393954009,5.03886347942483e-07,394,0.0220253443454978,54,9.6532856302689,0.74644489071662,logn37.csv
0.167782685382604,4.16913011060831e-07,439,0.005581582486761,30,59.4399615980912,0.690009438773037,logn38.csv
0.153008277472054,2.47087704915601e-07,563,0.0137158171250283,68,11.5365741809924,0.773770122061392,logn39.csv
0.170595655998898,2.9661862649064e-12,167708,0.000484500511631175,4559,82.8041833815055,0.686852179816064,logn4.csv
0.16622391088523,6.55526216153425e-07,369,0.0188320805485395,41,12.441296464466,0.73849423535676,logn40.csv
0.191234567111482,8.31480483545984e-07,312,0.0105627401412018,25,37.1367059154628,0.620842805672869,logn41.csv
0.148335812772869,8.2388611106596e-07,312,0.0224082993266157,44,9.84808025532564,0.788487205229984,logn42.csv
0.187267139736214,2.47334601237141e-07,588,0.00505148667491745,31,73.4448543230629,0.61618727292317,logn43.csv
0.182574869446374,4.69957009939768e-07,427,0.0109277077864228,37,30.3691050710739,0.655352269793499,logn44.csv
0.153121208154219,2.53317295672809e-07,580,0.0164186730358045,73,9.71235865596758,0.776493371159969,logn45.csv
0.141892207990693,2.79422506608605e-07,562,0.0133510788430557,62,12.0244362473266,0.796209861455774,logn46.csv
0.163102339306502,3.13424285777097e-07,512,0.00966931215192723,50,20.7541798314817,0.729292807670288,logn47.csv
0.151793674115607,6.267848010098e-07,362,0.0142295904006034,40,12.7971425612862,0.775991560877827,logn48.csv
0.174246975164138,6.99956628178968e-07,352,0.0122591215288255,33,24.9120691407772,0.687903719681521,logn49.csv
0.174387576330599,2.61276114806834e-12,178419,0.000262662090888632,3866,180.619014355519,0.668769924240934,logn5.csv
0.162665500313161,2.87167213010998e-07,545,0.00583356538444555,33,47.2452212269965,0.710714150868251,logn50.csv
0.15414423728476,4.55199084579845e-07,424,0.0176199985585176,56,12.0515149380542,0.767418091992173,logn51.csv
0.173295154219479,3.57200450807993e-07,508,0.00818887211062227,40,29.5045396368378,0.695541342340883,logn52.csv
0.152676852159446,2.70959531639739e-07,566,0.00927771388837074,54,20.3768595678174,0.758083803037987,logn53.csv
0.176170119235351,3.4441193856357e-07,497,0.00943917188769004,39,36.3632581256085,0.673255336939479,logn54.csv
0.162106552797262,3.41932673785584e-07,499,0.00958796403034998,44,20.9510924168582,0.73717296479838,logn55.csv
0.14930176744534,7.43852455211808e-07,342,0.0226125598943391,52,8.23276514319556,0.790930321543845,logn56.csv
0.167635142202516,3.71659833593474e-07,476,0.00578496274295428,33,51.2508299563588,0.695744201900483,logn57.csv
0.155882523319694,6.3700102168699e-07,349,0.0145876133875871,37,15.0834992624692,0.758223325920459,logn58.csv
0.156841041842326,2.838474138598e-07,540,0.014524193360607,56,12.2495650431168,0.764723207905828,logn59.csv
0.168664549947388,2.68929962488025e-12,175942,0.000786081813411219,5895,58.4159571622212,0.697615547396722,logn6.csv
0.160458130313158,5.95952452541378e-07,369,0.0128391998671794,39,18.1452983391365,0.74159827187087,logn60.csv
0.140798079047315,5.22259171613085e-07,392,0.0173134124626401,52,8.21230718905819,0.812148106705371,logn61.csv
0.181202628895514,4.13829803837555e-07,451,0.00869979816525658,38,42.1465090403357,0.652956707398333,logn62.csv
0.183697676719941,4.24288857548083e-07,453,0.00762828285095007,36,44.1863794714847,0.642618714329813,logn63.csv
0.152137127595881,6.22327457433835e-07,370,0.0145013434763018,37,17.6395295094797,0.759585116280799,logn64.csv
0.178656244046206,3.70762764326831e-07,472,0.00545706123464957,30,63.1305634980683,0.651254715625976,logn65.csv
0.143506802897137,7.63228853545565e-07,334,0.0276802963515991,49,6.87695594351163,0.809612438872615,logn66.csv
0.147148194993773,4.57330945142161e-07,436,0.0202264218326681,56,8.66823605909455,0.793177645716196,logn67.csv
0.170517946501743,4.22676508784823e-07,434,0.0115510831653187,38,24.3581729732959,0.704303561570684,logn68.csv
0.148933153740203,6.13990213803585e-07,373,0.0250953084139718,50,6.47197677866765,0.803216289510286,logn69.csv
0.169637251009654,3.51143350337861e-12,154262,0.000983014692712251,5627,58.742476776986,0.693239954156862,logn7.csv
0.191744630491976,7.95139591290981e-07,316,0.00762678626681345,24,50.415078696521,0.61107153576494,logn70.csv
0.166663358980699,2.98323433916039e-07,535,0.018470035353724,65,12.3751698155956,0.733676553810165,logn71.csv
0.157274342229253,2.65842107286831e-07,565,0.0102818747648139,54,18.7980693236601,0.75086676685899,logn72.csv
0.182482557043284,4.14768120851426e-07,411,0.0054477947719024,25,69.8228717057653,0.636499295654521,logn73.csv
0.172282522758442,7.06643813059998e-07,359,0.0134858730027316,40,19.9772328824956,0.70431614621065,logn74.csv
0.172047082716774,3.48750323532016e-07,503,0.00944274248622269,38,30.6884941856381,0.693620656646269,logn75.csv
0.167877876132348,2.93432074504062e-07,537,0.0160686994298314,56,15.4837761359787,0.723786540174277,logn76.csv
0.135937574105876,5.7791576157478e-07,384,0.0310481800378376,64,5.09901044547551,0.83041711790167,logn77.csv
0.155890020913452,5.93233205511886e-07,375,0.0214852284167302,52,9.62289978011421,0.769354694861024,logn78.csv
0.189357206582585,7.01731929818482e-07,333,0.0106086058160555,26,28.503345906755,0.639844211809161,logn79.csv
0.170845253463041,2.49970469524434e-12,182878,0.000502427052578732,5136,86.3652599174139,0.685878425684777,logn8.csv
0.171330329637463,6.30039691001935e-07,370,0.00850732632606894,35,31.4669927756981,0.695465541742431,logn80.csv
0.162867889760119,8.67699016675096e-07,304,0.00786042587355848,26,41.2213036548344,0.712633721685257,logn81.csv
0.155051144663257,2.25198704807399e-07,599,0.0138837993195568,62,15.6173451289787,0.758861544026723,logn82.csv
0.17644636406521,3.02795244536678e-07,533,0.0122692483624379,45,22.5633293515501,0.686715515050845,logn83.csv
0.18194972064928,2.80835288587417e-07,529,0.0142458174008426,44,22.879805683957,0.671804556439478,logn84.csv
0.171121298629769,2.77995611416881e-07,552,0.00559724275467756,44,50.6207046744618,0.684593227122715,logn85.csv
0.166353886982203,4.27375345687786e-07,442,0.0130541368754729,45,16.381273165968,0.731368838797635,logn86.csv
0.172568576755582,2.85282364651826e-07,561,0.0067267110695012,43,41.2421644270803,0.681871040435738,logn87.csv
0.17097359839607,8.75026747830042e-07,299,0.0119021560713357,22,31.7168605848493,0.688132053851042,logn88.csv
0.158200820410525,7.06351830880867e-07,352,0.0149074768897417,41,13.6785436642241,0.755718233213811,logn89.csv
0.170475067654559,3.70061271340554e-12,150133,0.000608853740679953,4504,76.2216911478195,0.688498462797712,logn9.csv
0.172116280138392,3.99278048138444e-07,447,0.00738681909547269,37,35.7380592528535,0.691344256935473,logn90.csv
0.162736524537292,8.06125299043308e-07,328,0.0106365955358592,30,22.1383186536971,0.73080915196647,logn91.csv
0.1693191698838,2.69982815536367e-07,561,0.013067103411413,58,22.5489814495788,0.708925490522804,logn92.csv
0.160426374345696,4.81729129675594e-07,425,0.0167892945787363,56,13.9446613823774,0.747607121238653,logn93.csv
0.15186642099506,2.87897687880195e-07,528,0.0167367662719832,61,11.9357041533772,0.773183413072355,logn94.csv
0.174031879384494,4.07553626324011e-07,458,0.00728568578572416,38,38.3851035245179,0.683022085874807,logn95.csv
0.167660211100992,6.58227017706721e-07,365,0.0127824063077254,31,21.3488515055544,0.714635394913882,logn96.csv
0.182813475856498,3.75349320777634e-07,466,0.00500037488513205,28,74.9778689549667,0.633181011248983,logn97.csv
0.168307994349679,3.45751945357312e-07,495,0.00633559271731559,42,41.2686470547237,0.702584872668142,logn98.csv
0.165094989880035,4.35731339551728e-07,439,0.00513000149415378,27,69.6687134327929,0.690660475947605,logn99.csv
0.183088473822759,2.44017814916091e-12,184618,0.000333883718789493,4228,195.416070515458,0.62835087519502,parteo1.csv
0.188504236578724,2.486573668013e-12,183168,6.67152269788358e-05,2211,1461.01842741291,0.592325670171647,parteo10.csv
0.15803260743213,2.33791112184105e-07,598,0.00573406006820285,46,43.565753334845,0.72672584051205,parteo100.csv
0.230069227190677,3.50207793996967e-07,481,0.00238507080369632,11,340.621199199221,0.362681431338208,parteo101.csv
0.155754303286692,3.63919970572132e-07,487,0.00747192222353161,40,32.8629194452431,0.7348709815634,parteo102.csv
0.161251706460822,3.50556807694139e-07,497,0.0108694929676813,51,18.0022493443721,0.739968818044436,parteo103.csv
0.187369757148899,4.37427354253656e-07,446,0.00680032114711298,36,49.36169664322,0.625845889332522,parteo104.csv
0.184464251130455,2.94050993879621e-07,519,0.0108017095868311,50,24.7081882980125,0.656523021511732,parteo105.csv
0.169132988296868,2.37054299058845e-07,580,0.00471677472268028,33,66.6293915634148,0.682489080012955,parteo106.csv
0.184339427554955,3.72928886887596e-07,455,0.00618028391580575,32,52.6383676464291,0.64085223175282,parteo107.csv
0.170478821645661,3.15096908006802e-07,511,0.0109612923194376,52,20.3609765063512,0.711088248898131,parteo108.csv
0.147472216436959,3.47667024725756e-07,490,0.0174610579153917,60,13.1823569319355,0.776870349655469,parteo109.csv
0.189473380662078,3.04923227712824e-12,165466,7.10469677345083e-05,1969,1478.84278855994,0.58635939962832,parteo11.csv
0.18002490873429,3.14122708466548e-07,511,0.0102504521169981,47,26.4050646564063,0.669892433687702,parteo110.csv
0.190942167454965,2.46749051472598e-07,575,0.00884090349856569,45,43.0107959151471,0.613461650382053,parteo111.csv
0.137493273867764,4.2866462199956e-07,445,0.0172942245305216,62,7.91529305190067,0.815718283610888,parteo112.csv
0.231675986488221,3.60932170614234e-07,492,0.00453685606669169,21,163.827154564642,0.367810696585495,parteo113.csv
0.202815737951225,3.41404308965378e-07,481,0.00374598419254306,20,133.433210461775,0.536310898379107,parteo114.csv
0.196242134485722,3.73727582726515e-07,473,0.00874805726610434,36,45.9710065237043,0.592950057060574,parteo115.csv
0.219126284155165,2.71185249870477e-07,544,0.00253486062479681,21,263.438811310443,0.435923037029959,parteo116.csv
0.174318452943123,8.38126887269215e-07,315,0.005661693001376,16,79.3879960318823,0.651673388582776,parteo117.csv
0.193712627110187,4.57170207454458e-07,417,0.00603094906056868,29,60.3733930408187,0.601253485414846,parteo118.csv
0.157105010622322,3.41057865742304e-07,505,0.0176260489204203,67,12.6153376803908,0.755257130924999,parteo119.csv
0.185073986686112,3.68148051268758e-12,150534,0.000260637149730873,3052,280.936573073061,0.61697334126731,parteo12.csv
0.168019309491454,9.61373937498966e-07,299,0.0122133744949075,32,21.5476737050845,0.709286352942055,parteo120.csv
0.184659291950158,2.99512762949143e-12,166662,0.00025119773447685,3472,283.278494145779,0.619334558233451,parteo13.csv
0.18876830109223,2.27844403543706e-12,191045,0.000109975595166602,2804,787.425477570034,0.593883595314776,parteo14.csv
0.184225802504676,2.10588494969034e-12,199120,0.000152448352783878,3443,601.316498539617,0.618869664002097,parteo15.csv
0.190984306035827,3.08190119239296e-12,164610,0.000102058730316241,2339,1101.97745772599,0.580404215163903,parteo16.csv
0.193087436013662,2.16108386813254e-12,196341,7.95200681369298e-05,2489,1979.38870201954,0.566593668113665,parteo17.csv
0.183239770793547,2.77245047621749e-12,173227,0.000314741809380266,3888,220.977019808301,0.626432745429193,parteo18.csv
0.189094003101947,3.31470324047608e-12,158268,0.000283394701836577,3308,340.004541335377,0.594350539484368,parteo19.csv
0.191225076199042,2.27584183934126e-12,191358,5.95000143827097e-05,2246,1636.18847196022,0.580829585762159,parteo2.csv
0.185181677466049,2.0928626107176e-12,199543,0.000254946933836429,4081,272.419969705734,0.616726388025597,parteo20.csv
0.177793407368143,2.69080976972149e-07,563,0.0106330725289603,48,29.1643062306783,0.6745255425883,parteo21.csv
0.172590422040281,7.63891723456872e-07,342,0.0157553440306662,37,18.6506405491711,0.702273359051329,parteo22.csv
0.179036294478824,3.07087187694734e-07,519,0.00546165525928974,33,61.3294134922499,0.651112702095561,parteo23.csv
0.180994029645408,2.96407163966218e-07,536,0.00599186984276648,37,53.1829474387974,0.646870375466328,parteo24.csv
0.194599472311555,8.21109435585622e-07,332,0.0099065897685446,26,45.0807970453248,0.600985478589385,parteo25.csv
0.173083984445773,8.64371623744991e-07,317,0.00742028889807872,26,46.4731332856482,0.67771969315696,parteo26.csv
0.1940721546653,8.47174371558412e-07,307,0.00814491103800893,22,52.9983202672431,0.598457379872214,parteo27.csv
0.168685411270302,2.98712932339656e-07,528,0.0202985280930438,67,12.2429968910633,0.727950703590533,parteo28.csv
0.155515432398051,2.44256015455479e-07,585,0.0155515268430461,78,10.3099334345135,0.766995432474301,parteo29.csv
0.1841979414974,2.78212433945392e-12,173279,0.00016583466585369,3062,388.770588994368,0.620388200490414,parteo3.csv
0.150207780196042,2.89047879628151e-07,537,0.0267258329057727,83,6.39732595433795,0.791783115790005,parteo30.csv
0.160010144134611,4.81303910623366e-07,414,0.0125963452020594,44,21.9852716819502,0.734792784560556,parteo31.csv
0.18505231375528,6.00764886949982e-07,354,0.0114542216503824,33,30.8097058343221,0.645955195309313,parteo32.csv
0.17530324617791,4.1892856744775e-07,446,0.0115978169944099,43,28.8293932730895,0.678426543688741,parteo33.csv
0.195294218748728,9.57924660135491e-07,304,0.00554920555935591,20,90.3785678415137,0.578918733796995,parteo34.csv
0.186020062793634,4.67460847583834e-07,434,0.0163028937919515,40,23.5527025960625,0.655168466218091,parteo35.csv
0.167301467412096,2.5121909661308e-07,576,0.0053576951095945,42,54.4588778080549,0.687840668289145,parteo36.csv
0.162253170858351,8.93896402209984e-07,315,0.0122216718870364,33,19.3716373127838,0.73346457294378,parteo37.csv
0.173974847005663,3.34367435788581e-07,502,0.00642474617024314,41,46.300992748857,0.674505137584157,parteo38.csv
0.199609746771193,2.74026831134817e-07,537,0.00343664491249366,29,143.45086409049,0.544557585307333,parteo39.csv
0.189427263281395,3.40551936728546e-12,156558,6.10808169965212e-05,1814,1846.17785732363,0.587893178970526,parteo4.csv
0.178950906645858,6.08978370496071e-07,379,0.00642791884449447,27,53.6803168324731,0.656080937933135,parteo40.csv
0.191657353978693,6.12366116833034e-07,362,0.00996325242872981,27,44.3181689875011,0.610324837958015,parteo41.csv
0.145817319108813,9.81107615298504e-07,305,0.0298969998033075,50,6.41294503405392,0.806556027498581,parteo42.csv
0.15979495733048,3.43964763042675e-07,490,0.00959221477288737,48,23.6254384347715,0.735064629440988,parteo43.csv
0.19257936145639,2.4716134429852e-07,585,0.00552838820631586,35,58.142859298591,0.607961940822149,parteo44.csv
0.181848472039068,2.83174758472509e-07,536,0.00899757892291695,43,39.701252351075,0.648872650145243,parteo45.csv
0.166909883069804,3.40091295969233e-07,479,0.011677720369074,48,17.2675332403894,0.724729526823678,parteo46.csv
0.189638307009955,4.27283487995245e-07,429,0.0102702868573853,35,39.9462344800804,0.622448760476246,parteo47.csv
0.174063142511033,5.3250147273822e-07,376,0.00852207932381488,30,34.4422426433244,0.684608282228326,parteo48.csv
0.153669335990218,4.09718042784483e-07,435,0.0163606396065435,47,13.5507655439086,0.763100604261968,parteo49.csv
0.194404233008458,2.54101973110336e-12,181093,4.14925489291543e-05,1726,4286.5787902988,0.555040153082351,parteo5.csv
0.175708850428129,4.44451461256938e-07,433,0.010543289779438,34,31.7977260997331,0.676730489813347,parteo50.csv
0.186847849197908,3.0839253859873e-07,518,0.0107240764016857,42,36.1712933418341,0.633100817672339,parteo51.csv
0.219968661306658,6.05629605252058e-07,380,0.00369177740480376,19,174.878666061543,0.442817912817589,parteo52.csv
0.157033961454988,4.0782017532756e-07,447,0.0198752459424764,66,9.82570839750193,0.765687062877514,parteo53.csv
0.153021926147569,6.30749948385401e-07,352,0.0120410487117126,35,24.3086718514515,0.74607408357158,parteo54.csv
0.172210179372253,6.45139957080086e-07,333,0.00623171133924909,27,62.739900816831,0.668166090728443,parteo55.csv
0.183594602928338,3.80618048993128e-07,475,0.00756880596678762,36,50.6824164748297,0.635204556946182,parteo56.csv
0.171162552745222,3.45545235660021e-07,488,0.00781561722608891,40,36.1177879369891,0.688265725383979,parteo57.csv
0.163846022791847,3.7132880594205e-07,468,0.0123084341172025,50,15.4397721429261,0.737948167319099,parteo58.csv
0.192761138845825,4.3008203948548e-07,458,0.00955622416693097,36,35.1202753223357,0.615586627953286,parteo59.csv
0.182671175187297,2.39295317004451e-12,186660,0.000282071255713935,4011,253.186149304805,0.62734637226335,parteo6.csv
0.165780527576444,3.78200101426544e-07,475,0.013886347322099,55,16.9131066440397,0.727529619198296,parteo60.csv
0.187747585015273,4.25044717071151e-07,449,0.00634758557207429,26,54.1041805382022,0.622832083628861,parteo61.csv
0.222094311118305,2.39359414155347e-07,590,0.00387842833510173,26,136.964074776657,0.442109685223058,parteo62.csv
0.194699441240868,8.36982619076872e-07,325,0.00515720204741983,17,98.6232764964775,0.57485545254341,parteo63.csv
0.239683400777072,4.63043086393218e-07,411,0.00256502001177631,9,348.493124457549,0.282784691596037,parteo64.csv
0.182366615583441,4.5536544932397e-07,437,0.0080860993552408,27,48.0090627034488,0.641420328290434,parteo65.csv
0.181431640503988,3.69412779162246e-07,486,0.00929140973866609,37,34.7293194103841,0.658691129543102,parteo66.csv
0.156603184341869,8.32909131542619e-07,308,0.0134198518137202,33,16.4611457991688,0.75566257974021,parteo67.csv
0.182014808018001,4.26941620685097e-07,431,0.011656058393818,49,24.3265216612807,0.665278799862621,parteo68.csv
0.236504455796249,3.61116077030305e-07,471,0.00240767710747806,14,344.664084056463,0.310404525785639,parteo69.csv
0.181808645005272,2.7243997866999e-12,174635,0.000313271056428458,4012,191.027220787187,0.634516369092726,parteo7.csv
0.17670659193621,8.77705969860858e-07,307,0.0089718422362293,26,36.7570282479373,0.671234850886948,parteo70.csv
0.165294680608624,2.37784805012207e-07,596,0.0174398407795615,67,17.4895691308239,0.723071917070431,parteo71.csv
0.16487700712787,4.13110429139707e-07,466,0.0195673656660243,61,12.165187285898,0.737714646864632,parteo72.csv
0.177289150281042,6.20814359727907e-07,354,0.011521968631906,32,25.9886143467472,0.67616040292599,parteo73.csv
0.196391397675797,2.94035648706038e-07,539,0.00617543689197916,37,77.0352350021897,0.578679033705704,parteo74.csv
0.204319512528387,7.39586565582815e-07,343,0.00418590926745096,20,144.430221294691,0.523425367789833,parteo75.csv
0.158732979034846,3.62376764842838e-07,467,0.0132718326897694,45,18.0751571128446,0.746227539116997,parteo76.csv
0.19505396047522,7.49792603241434e-07,330,0.0131972388335145,28,32.6582174460508,0.610592424601197,parteo77.csv
0.218982845054449,2.53541799027152e-07,579,0.00300358501631237,25,194.118797304606,0.445958743512461,parteo78.csv
0.227516769887759,6.25063326222933e-07,372,0.00332338188955248,10,224.070965682041,0.386083913769978,parteo79.csv
0.185110232984043,2.35323040918562e-12,187958,0.000173011616333129,3337,436.361056170851,0.614546767950644,parteo8.csv
0.192192171227534,3.10647268498911e-07,515,0.00807655858198407,36,55.9397517746509,0.601167190644078,parteo80.csv
0.167971665623311,6.68875614431423e-07,350,0.0124544694567688,34,20.6890923207699,0.713669012733719,parteo81.csv
0.151157216131316,3.20604420731662e-07,516,0.0153260099536398,69,12.753697844178,0.776149632497733,parteo82.csv
0.215566064323534,3.54244977346962e-07,490,0.00310610324932822,15,195.352771463148,0.462528671649105,parteo83.csv
0.162260975360484,2.64099086373051e-07,583,0.0122724495186777,62,17.0558834043995,0.73963748933084,parteo84.csv
0.166555509906426,9.01402444646979e-07,316,0.0179804496280775,39,14.799416876985,0.730148037874662,parteo85.csv
0.167652246787778,3.00163716563919e-07,531,0.0171382265426876,58,15.3275290890312,0.722437773203493,parteo86.csv
0.168989317197756,5.23582780259165e-07,401,0.0135559715358881,42,18.3783896086872,0.715076646753331,parteo87.csv
0.168148652801332,2.77653795360339e-07,527,0.00838394497393037,40,29.9184380230269,0.707456342394616,parteo88.csv
0.172814279678318,2.67190400200971e-07,567,0.00648773536889782,44,39.0655296804992,0.686321494929382,parteo89.csv
0.189646190877357,3.5406815628855e-12,153270,0.00011797861987377,2307,991.978436934272,0.588681593006955,parteo9.csv
0.193198475238622,6.12045829634473e-07,362,0.00589436961697755,23,70.9475366950463,0.597563062375183,parteo90.csv
0.187764877560927,5.66255477874806e-07,358,0.013374782808782,33,25.9184591753549,0.64367748792577,parteo91.csv
0.171423594694342,2.74844331259167e-07,550,0.00983824309422575,52,27.4819425146518,0.69634025512758,parteo92.csv
0.183977532158311,3.16607306047914e-07,496,0.0108272050176828,41,33.0202622264247,0.64699497231311,parteo93.csv
0.16113063729498,7.1446396773294e-07,357,0.0068524672498553,23,49.7373633628658,0.705478225274568,parteo94.csv
0.168454799158251,7.99504317475658e-07,325,0.0198572858139675,43,13.5326212690507,0.725616729060925,parteo95.csv
0.235955304442055,3.22366824986315e-07,506,0.00229307074961099,16,355.030275236818,0.314553131193139,parteo96.csv
0.1835359664258,3.03602466933463e-07,514,0.00429004685647485,30,91.5479143063955,0.624682219016224,parteo97.csv
0.184163862593207,4.70077995510661e-07,422,0.00941991629507052,29,42.8959455271048,0.640580789527983,parteo98.csv
0.177925217099011,2.29635278524038e-07,592,0.00795649781128369,44,32.3269015026048,0.671777628745208,parteo99.csv
0.000643409083629086,2.30111135022312e-12,190076,0.0835181867922142,70219,-1.20456302769365,0.99999654236692,uni1.csv
0.000319597057101232,3.18810337938652e-12,161524,0.0833475440304453,59425,-1.19859392550835,0.999998985283906,uni10.csv
0.0130780270646017,5.40461794595502e-07,392,0.0832308070676531,142,-1.16042831053136,0.998590459175241,uni100.csv
0.0132619342122922,4.15296565759953e-07,439,0.0806795123240103,157,-1.11616347474317,0.998489265417972,uni101.csv
0.00660413206358779,5.761115337336e-07,392,0.0823065586254258,134,-1.22438136032599,0.999576796915995,uni102.csv
0.0077261860519646,3.87410851579278e-07,452,0.0852268624934749,162,-1.22864288022696,0.999440891836128,uni103.csv
0.00778142175422303,4.58911944832321e-07,427,0.0775724793181496,158,-1.17692464799678,0.999428218012177,uni104.csv
0.0118875971781514,8.4025761356426e-07,315,0.0818532387869442,113,-1.15008571862834,0.998837710524336,uni105.csv
0.0051537367396099,3.8775273055694e-07,471,0.0882454077386525,172,-1.21163158808635,0.999748639967854,uni106.csv
0.0118363680861411,4.55447758190147e-07,415,0.0870989497152614,152,-1.28708947123242,0.998859934024508,uni107.csv
0.0136592257962601,9.25246452382503e-07,308,0.0784022965466724,110,-1.10426041408983,0.998348892623655,uni108.csv
0.00450750389860995,2.97464965315362e-07,515,0.0841509868762818,195,-1.18338088803032,0.999819356202039,uni109.csv
0.000409949804798362,2.59287839722121e-12,179528,0.0831780850432279,66104,-1.19801731641369,0.9999985160894,uni11.csv
0.00591383408472469,2.37422345944343e-07,579,0.0814398587793787,222,-1.14890967879364,0.999654874280231,uni110.csv
0.00701481012615134,8.94736589468325e-07,301,0.0860012343001305,112,-1.16771771260182,0.999554379985199,uni111.csv
0.0107289099551984,4.70325664975237e-07,423,0.0918880563223239,161,-1.31831021920472,0.999094531519376,uni112.csv
0.0124993405673152,2.87867896208934e-07,532,0.0863941450207612,196,-1.25513952250173,0.99860812017602,uni113.csv
0.0180102831630649,4.43774105396622e-07,433,0.0825691330884463,159,-1.09429532949064,0.997561863120369,uni114.csv
0.0108177192448877,4.72005471649178e-07,413,0.0912972253445244,153,-1.30346715337736,0.998990181342257,uni115.csv
0.00756535520755635,2.31646756868736e-07,594,0.0851064818469744,225,-1.23678935182035,0.999521108484623,uni116.csv
0.0113040962971621,4.04281374959168e-07,461,0.0822385558288579,160,-1.17051980595777,0.998961090561526,uni117.csv
0.00590836443454662,2.46187882717753e-07,577,0.0844103266834116,201,-1.21097570992272,0.999686770557025,uni118.csv
0.00992113150441723,4.68210240792494e-07,432,0.0811645160237561,161,-1.16839591550447,0.99921586836542,uni119.csv
0.000357679550694198,2.89032507980358e-12,169836,0.083232983665884,62593,-1.20021810039929,0.999998918858294,uni12.csv
0.00798680116920881,4.41211337586016e-07,435,0.084329476060188,158,-1.19035142518827,0.999417367298274,uni120.csv
0.000487547540098653,3.05051838479806e-12,165475,0.0831057250048683,61012,-1.19907424744025,0.999997858551265,uni13.csv
0.000433478151319147,2.85406247148755e-12,171016,0.0832435199379778,62978,-1.19798473425176,0.999998113093835,uni14.csv
0.000287847056003521,3.00406237428698e-12,166287,0.0831336072520307,61344,-1.20031806065559,0.99999921516471,uni15.csv
0.00036031580927946,2.72616237766348e-12,174895,0.0834636220145673,64435,-1.20157808763101,0.999998763471214,uni16.csv
0.00049919442399566,3.53199343344892e-12,153581,0.0833271804052168,56503,-1.20134340592611,0.999997722773933,uni17.csv
0.000628945281974165,2.87605421180826e-12,170093,0.0831997301265022,62465,-1.19824346872086,0.999996413994628,uni18.csv
0.000441164328380947,2.2183477849176e-12,193927,0.0835183994195065,71200,-1.20311823608642,0.99999812088105,uni19.csv
0.000558025341103139,2.12461858650687e-12,198289,0.0837464289140241,73016,-1.20569138588864,0.999997247940333,uni2.csv
0.000353410721699038,3.61137022969467e-12,151916,0.0833161866359976,55959,-1.20124709422804,0.999998807065879,uni20.csv
0.00740642411326832,6.67501096731887e-07,359,0.0823408547185884,121,-1.21920346623268,0.999493702916085,uni21.csv
0.00516247458539041,3.32772989723111e-07,513,0.0843126296326559,187,-1.20066068074241,0.99974611288097,uni22.csv
0.00723263739049213,2.82372838666769e-07,539,0.0854634983068714,198,-1.21084627309323,0.999546753450849,uni23.csv
0.00760384934477815,2.58941567746434e-07,569,0.078246633085458,202,-1.15735812848623,0.999433353749026,uni24.csv
0.00769517884312482,5.09564458331632e-07,415,0.083941928023899,159,-1.22353434126736,0.999451423493473,uni25.csv
0.0114147945259419,8.83143654146749e-07,306,0.0807238188639323,123,-1.19074572444583,0.998743370603728,uni26.csv
0.00642004035901824,2.42068389416187e-07,574,0.0801313194831947,210,-1.18625405970724,0.999587249902539,uni27.csv
0.0062885997209378,2.65437546691817e-07,549,0.0873320610571939,206,-1.24388043278347,0.999650339957781,uni28.csv
0.00886267549729461,5.20515569703372e-07,375,0.0828957341340433,137,-1.14277050344858,0.999255064817197,uni29.csv
0.000407816509383344,3.14535929609238e-12,162603,0.0833769730936287,59913,-1.1984284697576,0.999998652967335,uni3.csv
0.0086018276817995,2.85638128525424e-07,548,0.0825767014760807,203,-1.15339153860587,0.999251226901872,uni30.csv
0.00813119270749218,2.27428481581288e-07,595,0.0823555425948417,215,-1.15402348779908,0.999453846558314,uni31.csv
0.00879267386201154,2.54374505482103e-07,552,0.08288755285434,204,-1.16961890692946,0.999379931959367,uni32.csv
0.00931966855611911,6.03317851105857e-07,366,0.0807169096152163,135,-1.18431235915801,0.999133724334073,uni33.csv
0.00991524488408213,5.30909910107983e-07,386,0.0947148313931271,141,-1.30813956601136,0.999034502266974,uni34.csv
0.0106500885507983,3.93246976830367e-07,456,0.0892960168820251,178,-1.29645379743015,0.998938986954581,uni35.csv
0.00994607005581591,3.39827039628281e-07,497,0.0831829480162372,174,-1.22783072274926,0.999150978532587,uni36.csv
0.00910047529753126,2.15746069423978e-07,597,0.0864648171551949,217,-1.28268590755865,0.99927580434675,uni37.csv
0.00772461076182699,2.66303514667594e-07,573,0.0836443267047285,218,-1.18629108688383,0.999506107024746,uni38.csv
0.00677648640392771,7.19546440718648e-07,338,0.0836960360597961,117,-1.21954118635802,0.999597449758761,uni39.csv
0.000339339835884858,2.94598613918354e-12,168163,0.0835285361638126,61859,-1.19949995107024,0.999998907636421,uni4.csv
0.0144342704894273,2.93744240140147e-07,525,0.0828706192154318,197,-1.19051469079951,0.998307931344709,uni40.csv
0.00791523449420401,2.85364535109006e-07,544,0.081924630433783,199,-1.14638830567648,0.999462331167097,uni41.csv
0.00873313100786261,2.56533199706947e-07,544,0.0766351481400242,203,-1.15258456510731,0.999244156993605,uni42.csv
0.0128565062267918,7.56479944318589e-07,333,0.0874708573669854,130,-1.29907808898862,0.998684233243157,uni43.csv
0.00897176177037982,6.16260671134648e-07,364,0.0859175065612542,137,-1.29091381916411,0.999226265288996,uni44.csv
0.0109505550709361,4.70020744585019e-07,418,0.0790264611220875,155,-1.13294512207019,0.99893116930496,uni45.csv
0.0115515346741389,7.16561180064735e-07,364,0.079760986207673,137,-1.14777313937958,0.998598926278899,uni46.csv
0.00816839006098847,2.90190456327585e-07,517,0.0848158676860206,198,-1.23603230159369,0.999402983830479,uni47.csv
0.00922524311701225,3.14840835656601e-07,522,0.0827552862099089,178,-1.12340138162586,0.999224004838905,uni48.csv
0.00887126206908593,4.48073822783357e-07,441,0.0864490981438755,159,-1.22952242353569,0.99932690189565,uni49.csv
0.000727719504177339,3.6742745636104e-12,150410,0.0837119999941838,55513,-1.20648267793765,0.999994351900225,uni5.csv
0.00944624900484385,6.07573915358598e-07,376,0.0884864210663223,132,-1.29593730976148,0.999052885441343,uni50.csv
0.0122410687324125,6.15336218125119e-07,370,0.0832192616076898,138,-1.19787305910679,0.998691567135453,uni51.csv
0.00768168103505808,9.11439721830439e-07,302,0.0815596785397711,119,-1.15950460893113,0.99950187967968,uni52.csv
0.00948115834521859,2.39869487264586e-07,586,0.0831135889948622,223,-1.1740116792244,0.999191346418727,uni53.csv
0.00938283496489446,8.07618831145065e-07,327,0.0862277975437116,124,-1.27386691747716,0.999230364168035,uni54.csv
0.0141754232814517,8.22419630837707e-07,311,0.0817635701318664,116,-1.23718705624964,0.99811662010497,uni55.csv
0.00729575739365161,3.08188039476799e-07,506,0.082469288428645,187,-1.18395833409035,0.99954579237893,uni56.csv
0.0075949321421289,4.65731655111034e-07,418,0.0834611704642604,147,-1.17051040974945,0.999406594831301,uni57.csv
0.00958096490229549,3.36624930745645e-07,483,0.0817196728909685,165,-1.13353680573035,0.999148559913456,uni58.csv
0.0133035869681493,7.2901996062084e-07,344,0.0829431708865397,125,-1.14024622821493,0.998390313678755,uni59.csv
0.000472423754904355,3.36416291180222e-12,157335,0.083504664501304,58030,-1.20301802441479,0.999997643146503,uni6.csv
0.00758417025332315,2.43710218609416e-07,573,0.0826229119785588,224,-1.19332816709124,0.999541697838844,uni60.csv
0.0045013979512883,3.45127106636522e-07,477,0.0841230623288552,173,-1.21614178420921,0.999805640955368,uni61.csv
0.0114542271841246,5.75668697300046e-07,371,0.0843221819070857,134,-1.23249296257266,0.998935246745185,uni62.csv
0.0095381242129417,2.48216688974312e-07,588,0.0812857646002867,219,-1.16268090519503,0.999232337531272,uni63.csv
0.00790020564193691,5.54509621939043e-07,394,0.0856197752423625,145,-1.2334418546246,0.999424029896276,uni64.csv
0.0110342757153983,4.91604001583732e-07,425,0.0871616638644075,154,-1.22048355399538,0.998837689752668,uni65.csv
0.00811727919771316,3.99278135042693e-07,457,0.0852306115090803,164,-1.2344431889698,0.999375176505116,uni66.csv
0.0153667717415514,2.63950748711747e-07,552,0.0811011828360766,209,-1.15595149481427,0.998137568316436,uni67.csv
0.00918611540210952,3.21351749325754e-07,502,0.080996796617916,184,-1.17027474207935,0.999165030611984,uni68.csv
0.00948740273991735,3.53628594265088e-07,488,0.0799403387911874,181,-1.13544264167167,0.999278466060859,uni69.csv
0.000769510912282563,3.07947732244493e-12,164655,0.0840083876081033,60509,-1.20912883323919,0.99999487359791,uni7.csv
0.00748613180244722,5.68940648219574e-07,384,0.0818254599490191,139,-1.20307117983808,0.999463160500186,uni70.csv
0.0104391624995319,2.31564065981451e-07,590,0.0820673926683651,213,-1.17352654897072,0.999045287065214,uni71.csv
0.0113665974843937,2.35130828346329e-07,586,0.0815465715857609,218,-1.19188587245874,0.998840081961577,uni72.csv
0.00647637748832105,3.2982894780421e-07,497,0.0841767772193592,179,-1.24418161388698,0.999618417921002,uni73.csv
0.00739910488623364,6.00901068294985e-07,384,0.0841592417082135,136,-1.16754109364495,0.99947410714393,uni74.csv
0.00782233696208717,2.51010729209596e-07,583,0.0845589667272281,212,-1.22030499036147,0.99949434207493,uni75.csv
0.00412935056844448,3.00183901946476e-07,530,0.0836595601177386,208,-1.19399577894881,0.99984872680345,uni76.csv
0.0128039022727899,2.66303884804822e-07,560,0.0763812019635016,212,-1.08398829740738,0.998652541994078,uni77.csv
0.0087555586608355,3.8844538563551e-07,460,0.0871947486184106,171,-1.261745881886,0.999321106193754,uni78.csv
0.00896730127199203,9.722936470059e-07,299,0.080981575978837,108,-1.20082385166161,0.999300613304665,uni79.csv
0.000448387395181107,2.74437850661608e-12,174202,0.0832689159142911,64243,-1.19549355800634,0.999997750458575,uni8.csv
0.0103209628735198,8.9903140439476e-07,302,0.0788441469998707,116,-1.15677956619969,0.998932586651674,uni80.csv
0.00528219549210689,2.59683230197399e-07,583,0.0800880775688735,223,-1.17612222211511,0.999759513992107,uni81.csv
0.00702926536439875,4.88253283354115e-07,398,0.0846947577420803,150,-1.20126839051238,0.999568797375064,uni82.csv
0.0108189037524687,2.68138876383899e-07,540,0.0830671314044147,198,-1.18065747774896,0.99897172173054,uni83.csv
0.0115078641858362,8.94976349576168e-07,310,0.0875667457958023,117,-1.30294394959949,0.998952265099868,uni84.csv
0.0093453910085574,3.85777605653689e-07,462,0.0775478449880577,176,-1.09806992708752,0.999119941310041,uni85.csv
0.0104442700445015,9.84394904613487e-07,303,0.080421690379304,117,-1.26145666699093,0.999062406792534,uni86.csv
0.0113816019704974,5.55189468666258e-07,396,0.0870186066884208,143,-1.21869649316782,0.998986258473155,uni87.csv
0.00773767413883468,5.22769515198425e-07,404,0.0886565121460444,156,-1.2837184751502,0.999463189172333,uni88.csv
0.00939093275850183,2.47014218015806e-07,588,0.0819902663780151,220,-1.20132347562636,0.999279985595491,uni89.csv
0.00040463919361391,3.10596171459406e-12,164039,0.0835378363325615,60264,-1.20011378764013,0.999998098419772,uni9.csv
0.00925964640161865,5.02411485292311e-07,402,0.0854168933240589,144,-1.24887682009924,0.999241447011438,uni90.csv
0.0087584030332645,3.11763740602282e-07,519,0.0887645322352321,190,-1.2849536240752,0.999132592808985,uni91.csv
0.0173165794429431,8.76457505676921e-07,303,0.0907172452012525,111,-1.35705229991973,0.997613286258139,uni92.csv
0.0108435397171641,2.47747635342371e-07,583,0.0873091907695593,219,-1.21074927997988,0.999091746074583,uni93.csv
0.00790262147497623,3.17578037345438e-07,513,0.0831400945989989,190,-1.12919318543326,0.999401021255595,uni94.csv
0.0125363233301502,5.01156831336309e-07,404,0.0802921918426017,150,-1.19126252311013,0.998583423533409,uni95.csv
0.0100292040843665,4.03929008569843e-07,459,0.0762871229362854,165,-1.15744711385195,0.999120221330281,uni96.csv
0.00859302219173986,2.56157678155502e-07,571,0.0825396714202082,207,-1.18920335803168,0.999435592231787,uni97.csv
0.0172813370393678,3.1399089135844e-07,526,0.0845466983066603,202,-1.17654860279987,0.997378004598757,uni98.csv
0.00934673571985485,4.02196041340051e-07,455,0.0908997349748568,171,-1.28544993763417,0.999228896344286,uni99.csv
0.060992768997503,2.15032527398266e-12,197030,0.00993284744026957,22805,0.968242746954786,0.958246415876955,wald1.csv
0.0619514954817402,2.59408682309222e-12,179007,0.00926558477669371,19855,1.09298995052698,0.956891509550359,wald10.csv
0.0630586099996875,5.04711780040355e-07,406,0.0232982249727093,80,1.59218649194178,0.950786506570779,wald100.csv
0.0725081541700087,2.7196551506193e-07,554,0.0220783258708851,103,1.69173234737128,0.942217033632817,wald101.csv
0.0643715406943652,5.55477436921184e-07,400,0.0280996596864418,93,0.714789707217616,0.956859767608632,wald102.csv
0.0573584481863307,6.69059192899081e-07,344,0.0218304070665341,63,1.37839769376679,0.957012217635999,wald103.csv
0.0682135350331247,3.139282383299e-07,505,0.0209642870185127,80,1.92412987452953,0.946138979909772,wald104.csv
0.0616501729756667,5.36413440421618e-07,398,0.0204080528906907,71,1.34394127421747,0.955393526597583,wald105.csv
0.0487258607637783,6.50550695690542e-07,363,0.029210398321172,82,0.142902827897309,0.971591627250801,wald106.csv
0.0745658151581884,2.21921928872833e-07,596,0.0176149122683244,97,2.30321790797129,0.937799568936106,wald107.csv
0.0663107742792871,2.38682865320553e-07,584,0.0220594871875121,121,1.54998652201039,0.948415885475752,wald108.csv
0.0522995269331662,2.69580071853528e-07,560,0.0186655679210288,108,1.00472029458565,0.965442541738338,wald109.csv
0.0612198900232273,2.84403647869945e-12,171106,0.0108846863325802,21103,0.98146475389325,0.95794897811598,wald11.csv
0.0645299049036468,5.12606095981409e-07,408,0.0335478008910237,92,0.56439547965149,0.958555534009962,wald110.csv
0.0562088634557865,5.45781717425402e-07,402,0.0320177508842064,96,0.418959925824698,0.964095094278087,wald111.csv
0.0703620235167437,3.04367744205205e-07,534,0.0215082972736576,95,2.16579143053739,0.942069945714081,wald112.csv
0.0647335818090713,3.04350214427047e-07,523,0.0286857469937426,110,0.311702108440067,0.961352283495522,wald113.csv
0.0520365124802839,3.3256988789086e-07,508,0.0262367315312407,104,0.328084830413649,0.968649142668777,wald114.csv
0.0622525596289503,2.55592337319067e-07,560,0.028427731782349,122,0.572598051609205,0.959675109960307,wald115.csv
0.0764916601824955,6.35772569566908e-07,351,0.0256934653812851,76,1.51174518719419,0.940324340024305,wald116.csv
0.0664396462357204,5.61775802732027e-07,388,0.0284524969989373,89,1.08056179448786,0.953103166476063,wald117.csv
0.0620720918008917,7.70752606209035e-07,327,0.024972364130539,67,1.0018354363957,0.955684350131508,wald118.csv
0.0528357403199309,8.02727006189695e-07,323,0.0296535660229565,76,0.684602996394337,0.964646459947009,wald119.csv
0.0612903985514868,2.38645390303673e-12,186711,0.00838223096011994,19411,1.03157966285635,0.9577170301771,wald12.csv
0.0660111070721061,6.41258255273799e-07,365,0.0292268707647051,82,0.993622312928299,0.953105981569951,wald120.csv
0.0600197265598826,2.89108507463673e-12,169596,0.00923437730907814,18877,0.934568116066265,0.959334153203875,wald13.csv
0.0608809623942262,2.14065256382376e-12,197034,0.00784794983488189,19729,0.973649310885409,0.958281483506081,wald14.csv
0.0612217740081972,2.22537573004895e-12,193722,0.0119121075289798,25560,0.967152010214036,0.958067718157275,wald15.csv
0.0609940821082825,2.3702511224321e-12,187753,0.0106845204168918,22973,0.974314064497551,0.958232291407582,wald16.csv
0.0611763942905666,2.27219682000293e-12,191321,0.00806104306951345,19367,1.03807124364463,0.957735357334224,wald17.csv
0.0608276899067355,3.1364510504596e-12,162886,0.00864855646612527,17309,0.931734253359811,0.958692448002712,wald18.csv
0.0611501951063343,3.53835599900845e-12,153672,0.0124159153736601,20789,0.931697405307352,0.958384340646784,wald19.csv
0.0608561465708601,2.6042233592416e-12,178910,0.00900406540547324,19367,0.999406003927291,0.95813126175235,wald2.csv
0.0615157203869572,2.63642041690629e-12,177786,0.00887612588727356,19241,1.02927767528589,0.957500798423613,wald20.csv
0.0598366531170062,6.93189945748741e-07,350,0.0331620833524867,85,0.506137476070952,0.960273329783069,wald21.csv
0.0445471700991686,2.53350883500372e-07,596,0.0367172318263794,165,-0.0524555173010826,0.975754589686547,wald22.csv
0.0500734305819889,2.82195680552841e-07,543,0.0241708514186383,117,0.431506972881677,0.969651050513057,wald23.csv
0.0416422431983361,9.23079365480591e-07,304,0.041398031361226,83,-0.193141195116353,0.97906281291527,wald24.csv
0.0555179189391462,7.42808766719157e-07,325,0.0335719028507528,81,0.277292838851789,0.966957037925518,wald25.csv
0.0571603531696719,2.53048348389338e-07,570,0.0324791409977278,134,0.63316829978627,0.961525560446793,wald26.csv
0.0581778152742432,4.38199200631562e-07,452,0.022537709579708,95,0.821069455223736,0.962252627836221,wald27.csv
0.0555158330409695,5.76872022977585e-07,364,0.0343681549337906,87,0.474912705576874,0.965107929254615,wald28.csv
0.0644425204997535,5.51806853467908e-07,398,0.0298966062278086,83,0.765465296885636,0.956202001422127,wald29.csv
0.061012574574363,2.31171648732888e-12,189808,0.00815760622464242,19292,0.954167370653386,0.958407991485176,wald3.csv
0.0638084660394626,5.78816988694677e-07,378,0.0277729852753977,88,0.535845343629405,0.960418283678091,wald30.csv
0.05144028761565,6.04096250814541e-07,373,0.0277580728888725,88,0.243872023829309,0.970648407434135,wald31.csv
0.0616793636895943,2.58102758614553e-07,583,0.0334045158057309,152,0.498858424091409,0.960505687694936,wald32.csv
0.0597497230498192,5.10331918821954e-07,389,0.0319686294799974,90,0.72703023138563,0.960157480418034,wald33.csv
0.061062179878435,3.05467491846798e-07,522,0.0271042780519978,109,0.564288388405399,0.960986993775864,wald34.csv
0.0609205824290152,4.68037269656356e-07,414,0.026470211675755,88,0.965327016133402,0.958080563447194,wald35.csv
0.0623326013324145,2.58912436407007e-07,556,0.0260296621766536,122,1.01650828567299,0.954982743078518,wald36.csv
0.0653975066645506,2.80560645103149e-07,560,0.0246882373829795,113,1.03758387259486,0.953182853997886,wald37.csv
0.0587764965277085,3.00712120995997e-07,517,0.0232564903952776,108,0.759429153635062,0.961210483819158,wald38.csv
0.0546740792855925,2.84327250635306e-07,537,0.0248405155116624,111,0.858763829704594,0.962941258365547,wald39.csv
0.0613025629421638,2.0856531586481e-12,199902,0.0101869268373151,23750,1.00548620130728,0.957736802469294,wald4.csv
0.0592180630726847,2.59946254311781e-07,573,0.0212689114174007,97,0.905487507228107,0.960651710580366,wald40.csv
0.0553506659179693,2.34844778334977e-07,589,0.032523631463395,138,0.316322957907572,0.967492129490091,wald41.csv
0.0742778849614192,2.89997146500862e-07,534,0.0181291923813708,92,2.70268654119783,0.935291147756172,wald42.csv
0.0778132956886946,8.08571154043198e-07,315,0.0285317564213799,64,2.05236493642804,0.934868200206282,wald43.csv
0.067015444604985,4.73635067330102e-07,426,0.0250119264049582,93,1.43280716992507,0.947713028508703,wald44.csv
0.0630900918420267,2.56590540448626e-07,569,0.0222715334949058,115,1.17899256930496,0.954487523753813,wald45.csv
0.0551751094599017,3.53851452672623e-07,485,0.0231754347510736,101,0.960716804033331,0.961782540724158,wald46.csv
0.0546401334724583,7.54255689212736e-07,330,0.0385740206530197,89,0.425201323624794,0.964928164158399,wald47.csv
0.0618125252183079,2.2547818453752e-07,588,0.0219684425380843,103,1.59860039947994,0.950850840078787,wald48.csv
0.0488173064492738,2.55650524119325e-07,575,0.0274219311172498,124,0.158244769995683,0.971944057463892,wald49.csv
0.0610537976846403,2.4510351629294e-12,184592,0.00950992476562667,20853,0.959376506403935,0.958245482823752,wald5.csv
0.0669165883727009,2.76111042066321e-07,550,0.0274305856842761,124,1.1844992364383,0.950499237772385,wald50.csv
0.0587083128638175,4.11011948042261e-07,469,0.0244465604936871,96,1.11698281747711,0.958084915592893,wald51.csv
0.049065450689231,4.91118156641316e-07,411,0.0314955758208532,95,0.105041485614141,0.972771136955448,wald52.csv
0.0652144535561088,8.22633736351726e-07,333,0.0281382063064523,73,0.860799166853026,0.954509338585198,wald53.csv
0.0570556717281045,2.88741466437868e-07,535,0.0226074163542871,116,0.446705596578989,0.96578234178789,wald54.csv
0.0449850356001575,5.83673906261285e-07,375,0.0335813795039608,100,-0.243954924107595,0.979226319906161,wald55.csv
0.0575902573552842,3.80671928489841e-07,461,0.0309872279225022,111,0.732308653256716,0.96186431193351,wald56.csv
0.0673877289037501,2.39004276691404e-07,577,0.0227525876023061,115,1.12909125328438,0.95144243618478,wald57.csv
0.0540585150940467,8.76766368408488e-07,305,0.0220541293056677,56,1.21589542539054,0.961721014573924,wald58.csv
0.0670939999238812,3.83110265930284e-07,449,0.0322155055798208,109,0.669599045073623,0.955659455437613,wald59.csv
0.0613140357384331,3.16828241798891e-12,162116,0.0104198921870207,19429,0.995538999867877,0.957814933473105,wald6.csv
0.0593314634112297,8.11725744794273e-07,325,0.0222729516367464,68,1.45561468537719,0.95595932151566,wald60.csv
0.0665775630118416,3.01958468974541e-07,528,0.0235390703309332,116,1.34080955545999,0.950468340490057,wald61.csv
0.0742097931987843,7.6769079224903e-07,339,0.0142653985721011,48,4.75549860985134,0.931185622162909,wald62.csv
0.063024953082394,7.35804774231399e-07,339,0.0327510884781501,86,0.591594548099501,0.958897141541753,wald63.csv
0.0695393799686827,3.55598668600719e-07,482,0.0268045502139486,97,1.50201036926208,0.945554478397986,wald64.csv
0.0602050979693703,7.08523425468633e-07,348,0.0338863472863547,82,0.131777610278178,0.964843407902914,wald65.csv
0.0529752614543126,6.48149795581998e-07,368,0.0283476524097782,90,0.689984123975851,0.964650839606725,wald66.csv
0.0751414608103818,2.40442251082335e-07,596,0.0194659384104722,90,1.68178489205495,0.939749775929455,wald67.csv
0.0703681252548459,2.84370255314576e-07,520,0.0340911951534375,126,1.13144907087929,0.947688829246644,wald68.csv
0.0661696222233756,3.56517050112171e-07,493,0.0260423458139627,115,0.995592319663821,0.95408731423869,wald69.csv
0.0614244065351861,3.04560076899412e-12,165387,0.0108245562596676,20296,0.990572268056271,0.957689941053044,wald7.csv
0.0815115401531899,7.49254724216187e-07,341,0.0273719118304087,73,1.87031531189284,0.932798030944465,wald70.csv
0.0740419239583249,4.89360385734643e-07,427,0.0237465089852774,85,1.06001308787688,0.947447887672579,wald71.csv
0.0562417308439108,2.34046928998331e-07,584,0.0189385899998753,96,1.21158297834342,0.960968767550756,wald72.csv
0.0665717107100283,6.63352762042146e-07,342,0.0341437981800012,80,0.755361089806082,0.954167868493292,wald73.csv
0.0706572210842523,3.97314056689261e-07,452,0.0250020386087571,86,1.3757996603563,0.944118194801008,wald74.csv
0.0535489716013636,7.67603275125939e-07,332,0.0263882245036647,63,0.665890801293531,0.963846696575754,wald75.csv
0.0530363828941872,2.33737070177431e-07,596,0.0277343809235171,137,0.314613429979544,0.968310072615674,wald76.csv
0.0667301609765794,5.5210355611297e-07,391,0.0333431184349457,98,1.02696418000051,0.951750340101154,wald77.csv
0.0623121588032663,2.82952737402384e-07,547,0.0268589093727338,115,0.634577446488132,0.959918249087751,wald78.csv
0.0636441787809644,2.48036271665731e-07,579,0.0264480772183247,120,1.00109971395996,0.954493354443911,wald79.csv
0.0614589770099052,2.27869240161749e-12,191552,0.00871645872117319,20559,1.07044740658833,0.957424280983194,wald8.csv
0.0618278705818693,4.13720682552052e-07,451,0.0319027685003863,111,0.271371196470537,0.963893735202047,wald80.csv
0.0602889704587869,3.60718717470113e-07,475,0.0283404413039377,112,0.294807996566297,0.965732050806147,wald81.csv
0.0586901702223677,5.26781377770029e-07,389,0.0194642210271973,61,2.19991595434955,0.950823388567967,wald82.csv
0.0510493102929234,6.75659267614849e-07,359,0.0240440479624729,78,0.61081660381977,0.966597798902311,wald83.csv
0.0489912173848043,9.01656462531356e-07,300,0.0357029525230081,82,0.223648765860183,0.970896543523027,wald84.csv
0.0470974174009141,2.44752269216967e-07,595,0.0229378476082247,120,0.199938291692346,0.974014464414775,wald85.csv
0.0504664732443115,6.59488867576395e-07,348,0.0352864264917003,102,-0.161578745608092,0.974373045206554,wald86.csv
0.0729610277072245,8.78476759787599e-07,299,0.0364668618737516,71,0.981897277386412,0.947681572732715,wald87.csv
0.0520410380684414,2.59206436629658e-07,573,0.0234943797218758,119,0.397189350792176,0.969360768392832,wald88.csv
0.0651928889286761,4.25223945237396e-07,453,0.0300309868675925,117,0.700784407265247,0.956602906288024,wald89.csv
0.061760727700083,3.43102155852333e-12,156085,0.0103131718185046,18493,1.01462662348472,0.957330431396766,wald9.csv
0.0678716591350415,8.2603906169579e-07,312,0.0265935895541633,63,1.10337840766333,0.951049339507765,wald90.csv
0.0659034315562167,3.59822624408713e-07,486,0.0292339994629365,104,1.0180258645946,0.953130757685489,wald91.csv
0.0648266769996285,2.73850532230724e-07,569,0.0340890179539515,138,0.394668879499814,0.95983242965122,wald92.csv
0.0669598041510353,2.62867383015222e-07,543,0.0257956772311233,113,1.07979925525717,0.951834268706271,wald93.csv
0.0496399001130153,7.58349813759348e-07,323,0.0394882809799523,96,-0.00633669872072407,0.97300880937976,wald94.csv
0.0716313353036075,3.12782246289659e-07,524,0.0201391507234227,113,1.42891096461157,0.946344833557537,wald95.csv
0.0610548757307385,5.20412430311441e-07,395,0.0197647955634146,63,1.93877629213367,0.951058529200546,wald96.csv
0.0655224845359515,9.0159560431552e-07,310,0.0300585660007201,68,0.743822119194619,0.955271028252717,wald97.csv
0.0751699524709668,5.0651866531929e-07,409,0.0188475414740898,67,2.11510731305533,0.938682944558789,wald98.csv
0.0610138769172896,2.51699568991698e-07,586,0.0230002797042352,111,0.846695338883079,0.959119497647064,wald99.csv
